date,source,gold_usd_open,gold_usd_high,gold_usd_low,gold_usd_close,gold_usd_volume,usdinr_open,usdinr_high,usdinr_low,usdinr_close,target_gold_999,day_of_week,day_of_month,month,quarter,day_of_year,week_of_year,is_month_start,is_month_end,days_to_diwali,is_near_diwali,gold_lag_1,gold_lag_2,gold_lag_3,gold_lag_5,gold_lag_7,gold_lag_14,gold_ma_3,gold_ma_7,gold_ma_14,gold_ma_30,gold_return_1d,gold_return_3d,gold_return_7d,gold_volatility_7,gold_volatility_14,gold_volatility_30,gold_usd_return_1d,usdinr_return_1d,gold_usd_return_3d,usdinr_return_3d,gold_usd_return_7d,usdinr_return_7d,gold_usd_volatility_7,usdinr_volatility_7,gold_usd_volatility_14,usdinr_volatility_14,gold_inr_proxy
2025-09-02,IBJA,3485.699951171875,3559.199951171875,3485.699951171875,3549.39990234375,658.0,88.00140380859375,88.18800354003906,87.81549835205078,88.00140380859375,104543.0,1,2,9,3,245,36,0,0,432,0,,,,,,,,,,,,,,,,,,,,,,,,,,,312352.17408433557
2025-09-03,IBJA,3554.800048828125,3593.699951171875,3553.199951171875,3593.199951171875,72.0,87.99829864501953,88.17980194091797,87.9749984741211,87.99829864501953,105829.5,2,3,9,3,246,36,0,0,431,0,104543.0,,,,,,,,,,,,,,,,1.2340127918300414,-0.0035285386821515274,,,,,,,,,316195.48239449225
2025-09-04,IBJA,3549.89990234375,3573.60009765625,3549.89990234375,3565.800048828125,237.0,88.072998046875,88.36029815673828,87.9749984741211,88.072998046875,105848.0,3,4,9,3,247,36,0,0,430,0,105829.5,104543.0,,,,,,,,,1.2305941096008244,,,,,,-0.7625487786955487,0.08488732510250063,,,,,,,,,314050.70073598623
2025-09-05,IBJA,3567.800048828125,3613.199951171875,3567.800048828125,3613.199951171875,925.0,88.19290161132812,88.35340118408203,87.80010223388672,88.19290161132812,106392.0,4,5,9,3,248,36,0,0,429,0,105848.0,105829.5,104543.0,,,,105406.83333333333,,,,0.01748094812883405,,,,,,1.329292211977151,0.13614111829065578,1.797488324321983,0.21760766811276255,,,,,,,318658.58779575676
2025-09-08,IBJA,3594.5,3641.0,3590.0,3638.10009765625,97.0,88.1863021850586,88.2229995727539,87.82779693603516,88.1863021850586,107674.5,0,8,9,3,251,37,0,0,426,0,106392.0,105848.0,105829.5,,,,106023.16666666667,,,,0.5139445242234197,1.7686502204834476,,,,,0.6891438841157616,-0.007482944941095138,1.2495866384984122,0.21364451692122977,,,,,,,320830.59459140524
2025-09-09,IBJA,3647.10009765625,3670.39990234375,3627.800048828125,3643.300048828125,535.0,87.98049926757812,88.21929931640625,87.90010070800781,87.98049926757812,109309.0,1,9,9,3,252,37,0,0,425,0,107674.5,106392.0,105848.0,104543.0,,,106638.16666666667,,,,1.2054477780284234,1.7433702323076172,,,,,0.14293040412012292,-0.23337288488249897,2.173425288539943,-0.1050251284140935,,,,,,,320539.3572774902
2025-09-10,IBJA,3625.0,3655.39990234375,3620.800048828125,3643.60009765625,136.0,88.21829986572266,88.24929809570312,87.97789764404297,88.21829986572266,109522.0,2,10,9,3,253,37,0,0,424,0,109309.0,107674.5,106392.0,105829.5,,,107791.83333333333,,,,1.518001012310255,3.269783085178757,,,,,0.008235633192543723,0.27028784801652606,0.8413635252739082,0.02879852451898035,,,,,,,321432.2060058154
2025-09-11,IBJA,3632.89990234375,3636.89990234375,3618.39990234375,3636.89990234375,307.0,88.05339813232422,88.49099731445312,88.02660369873047,88.05339813232422,109160.0,3,11,9,3,254,37,0,0,423,0,109522.0,109309.0,107674.5,105848.0,104543.0,,108835.16666666667,107016.85714285714,,,0.19486044150069937,2.9419505225956932,,,,,-0.1838894261971813,-0.18692463315370667,-0.032989617665357684,-0.15070827264701547,2.465205454652253,0.05908351626249253,0.7678960946560972,0.17689617438727512,,,320241.3950684853
2025-09-12,IBJA,3655.5,3656.800048828125,3643.0,3649.39990234375,1300.0,88.2676010131836,88.40850067138672,88.21690368652344,88.2676010131836,109774.0,4,12,9,3,255,37,0,0,422,0,109160.0,109522.0,109309.0,106392.0,105829.5,,109330.33333333333,107676.42857142857,,,-0.33052720001460756,1.3796209873275567,4.416364558124397,0.7048036292764401,,,0.343699313581447,0.2432647523011866,0.1674266031859606,0.32632429685617304,1.5640641193247928,0.3060313350493393,0.663969912215651,0.19747851455845794,,,322123.7745176293
2025-09-15,IBJA,3640.0,3686.39990234375,3635.10009765625,3682.199951171875,210.0,88.27729797363281,88.2970962524414,88.1260986328125,88.27729797363281,109557.0,0,15,9,3,258,38,0,0,419,0,109774.0,109160.0,109522.0,107674.5,105848.0,,109485.33333333333,108239.92857142857,,,0.5624770978380322,0.4253995553888501,3.727221615901044,0.6518019980700046,,,0.8987792433232666,0.010985866091184349,1.0593877615837854,0.0668774029877639,3.2643418237094934,0.23196658600070919,0.5374999415694858,0.19689219254560789,,,325054.6622880958
2025-09-16,IBJA,3681.39990234375,3698.60009765625,3681.39990234375,3688.89990234375,373.0,88.12349700927734,88.15509796142578,87.97969818115234,88.12349700927734,110704.5,1,16,9,3,259,38,0,0,418,0,109557.0,109774.0,109160.0,109309.0,106392.0,,109497.0,108769.78571428571,,,-0.19767886749139096,0.031957049725162,3.5040813241629554,0.6840518698771091,,,0.18195511543968035,-0.17422482097425585,1.4297891444988498,0.079609507912215,2.095094436922129,-0.07869635853081647,0.38072467827885703,0.20465851770721924,,,325078.75951171294
2025-09-17,IBJA,3669.0,3685.199951171875,3661.60009765625,3681.800048828125,183.0,87.88459777832031,87.91310119628906,87.7157974243164,87.88459777832031,109852.0,2,17,9,3,260,38,0,0,417,0,110704.5,109557.0,109774.0,109522.0,107674.5,,110011.83333333333,109385.85714285714,,,1.0473999835701964,1.4148955661414497,4.053406271148208,0.7154791724074457,,,-0.19246533393638687,-0.27109594950808225,0.8878212131141483,-0.4339114584139159,1.2011750638754481,-0.3421216212299627,0.375264499969008,0.22693083543217046,,,323573.51639145985
2025-09-18,IBJA,3654.60009765625,3667.39990234375,3637.0,3643.699951171875,80.0,87.91069793701172,88.28880310058594,87.80690002441406,87.91069793701172,109715.5,3,18,9,3,261,38,0,0,416,0,109852.0,110704.5,109557.0,109160.0,109309.0,,110037.83333333333,109696.92857142857,,,-0.770068064080498,0.07105507679414647,2.022298687247215,0.8074198755374139,,,-1.0348225637178965,0.029698217152041018,-1.0455705966686324,-0.41528234895747973,0.010976376866866921,-0.07933727490465614,0.5917148544442381,0.21258516615507514,,,320320.20578057505
2025-09-19,IBJA,3659.0,3685.89990234375,3658.199951171875,3671.5,211.0,88.20690155029297,88.32949829101562,88.0625991821289,88.20690155029297,109824.0,4,19,9,3,262,38,0,0,415,0,109715.5,109852.0,110704.5,109774.0,109522.0,,110090.66666666667,109755.0,,,-0.12425809270655286,0.1446735489288642,0.37188154680767305,0.6037796460279828,,,0.7629620770278844,0.33693693740604047,-0.4716826914358596,0.09464506498970682,0.7657235041160781,-0.01292057934355606,0.6578746749806509,0.22820918728251555,,,323851.63904190063
2025-09-22,IBJA,3688.199951171875,3748.199951171875,3688.0,3740.699951171875,410.0,88.09919738769531,88.33670043945312,88.09919738769531,88.09919738769531,111661.0,0,22,9,3,265,39,0,0,412,0,109824.0,109715.5,109852.0,109557.0,109160.0,104543.0,109797.16666666667,109798.14285714286,108407.5,,0.09889213465736901,-0.7953606221969278,0.2757436862000251,0.6011478479403692,,,1.884786903768898,-0.12210400853526204,1.5997583128529058,0.24418341188328085,2.8540804425558397,0.05201304701751841,0.9169942492209482,0.22062611926106424,0.8130661204724282,0.19211613216159582,329552.66336643323
2025-09-23,IBJA,3747.0,3786.0,3740.0,3780.60009765625,627.0,88.30439758300781,88.80809783935547,88.23500061035156,88.30439758300781,113906.0,1,23,9,3,266,39,0,0,411,0,111661.0,109824.0,109715.5,110704.5,109774.0,105829.5,110400.16666666667,110155.42857142857,108915.92857142857,,1.6726762820512775,1.6467610967483504,2.291132282887509,0.8286317581787538,0.7546518836970257,,1.0666492101799152,0.23291948326098488,3.7571739802654713,0.44784042811056857,3.5951169732930444,0.04168751546642646,0.9489102142120527,0.21881186107293196,0.8006590838489612,0.20119351054718604,333843.61412579566
2025-09-24,IBJA,3769.800048828125,3772.5,3732.10009765625,3732.10009765625,588.0,88.80799865722656,88.9312973022461,88.67250061035156,88.80799865722656,113814.0,2,24,9,3,267,39,0,0,410,0,113906.0,111661.0,109824.0,109852.0,109557.0,105848.0,111797.0,110745.71428571429,109492.82142857143,,2.010549789093785,3.8194238735639097,3.7640971450434435,1.0487240275874468,0.8388742554971963,,-1.2828651205417652,0.5703012398055929,1.6505542055358813,0.6814626705721638,1.3551721021693552,0.6011745893630183,1.1390432568605624,0.3057269994539431,0.8664830135458441,0.2485600145442663,331440.3404612914
2025-09-25,IBJA,3742.800048828125,3756.0,3724.699951171875,3736.89990234375,1899.0,88.77860260009766,88.80039978027344,88.59010314941406,88.77860260009766,113290.5,3,25,9,3,268,39,0,0,409,0,113814.0,113906.0,111661.0,109715.5,110704.5,106392.0,113127.0,111353.85714285714,110061.82142857143,,-0.08076835285235617,3.633085664335667,3.885648566499622,1.035984423894683,0.843887144423312,,0.12860868041868478,-0.03310068639466035,-0.10158657143657379,0.7711820681095549,1.3012009344439912,0.7433949094772574,1.139347142504197,0.28994812090713606,0.817987387326124,0.2486700783260248,331756.7513865195
2025-09-26,IBJA,3775.300048828125,3775.300048828125,3775.300048828125,3775.300048828125,19308.0,88.77310180664062,88.77909851074219,88.61430358886719,88.77310180664062,113280.5,4,26,9,3,269,39,0,0,408,0,113290.5,113814.0,113906.0,109824.0,109852.0,107674.5,113670.16666666667,111723.28571428571,110554.57142857143,,-0.4599609889820222,1.4593277867832155,2.3359484031814315,1.071565129981401,0.8838780912668451,,1.0275936601965352,-0.006196080244480484,-0.14019067585092637,0.5307824258607541,2.539518679993491,1.010989468895862,1.1640669310187615,0.24653052899303415,0.8369421679153629,0.2486483968812193,335145.09558523446
2025-09-29,IBJA,3754.800048828125,3827.60009765625,3754.800048828125,3820.89990234375,8860.0,88.67680358886719,88.79399871826172,88.5875015258789,88.67680358886719,115373.0,0,29,9,3,272,40,0,0,405,0,113280.5,113290.5,113814.0,111661.0,109715.5,109309.0,113461.66666666667,112213.07142857143,110955.0,,-0.008826865447675303,-0.5491370077081115,3.1210173688235088,0.9749632298251699,0.8637480334422123,,1.2078471360118748,-0.10847679737854277,2.3793521707326626,-0.14772888742347057,4.8631872422668865,0.8714589575939735,1.0135767318308655,0.2622447763779342,0.8723434983222403,0.23987511419154955,338825.19017285854
2025-09-30,IBJA,3827.5,3865.5,3793.39990234375,3840.800048828125,1611.0,88.70449829101562,88.87529754638672,88.64579772949219,88.70449829101562,116669.0,1,30,9,3,273,40,0,1,404,0,115373.0,113280.5,113290.5,113906.0,109824.0,109522.0,113981.33333333333,113021.28571428571,111388.14285714286,,1.847184643429367,1.3697787618395019,5.156518449991121,1.0641061869362538,0.9011717923182654,,0.5208235492420998,0.031231055955549536,2.780383451513102,-0.08347091180950228,4.611195664663614,0.5641244981708704,1.0146072314566783,0.24588146124211666,0.8679092429984439,0.23186793300468,340696.24136740714
2025-10-01,IBJA,3863.5,3891.89990234375,3853.300048828125,3867.5,1778.0,88.8406982421875,88.8541030883789,88.6323013305664,88.8406982421875,116959.0,2,1,10,4,274,40,1,0,403,0,116669.0,115373.0,113280.5,113814.0,111661.0,109160.0,115107.5,113999.14285714286,111898.64285714286,,1.123313080183408,2.982156491497512,6.232699592074598,1.0335428597132783,0.9196686006204359,,0.6951663932628138,0.15354345472429198,2.4421886996900843,0.0761451770538768,3.389741237823718,0.8416658454095671,0.861482047510299,0.22952632957763766,0.8556335222456728,0.22401288817445517,343591.40045166016
2025-10-03,IBJA,3855.199951171875,3886.800048828125,3853.699951171875,3880.800048828125,392.0,88.72019958496094,88.7957992553711,88.6635971069336,88.72019958496094,116893.5,4,3,10,4,276,40,0,0,401,0,116959.0,116669.0,115373.0,113290.5,113906.0,109774.0,116333.66666666667,114756.0,112455.71428571429,,0.2485664572422941,3.2472490852353264,4.744718388694347,0.9888708333040472,0.8942205296685284,,0.34389266523917605,-0.13563452292785216,1.5676973491933754,0.04893725792705084,2.6503715966677666,0.47087349365841913,0.8219326911352243,0.2412850935273817,0.8556317893506967,0.22355537977155776,344305.3548813574
2025-10-06,IBJA,3931.300048828125,3960.0,3926.800048828125,3948.5,1267.0,88.73509979248047,88.87969970703125,88.69200134277344,88.73509979248047,119154.0,0,6,10,4,279,41,0,0,398,0,116893.5,116959.0,116669.0,113280.5,113814.0,109557.0,116840.5,115182.78571428571,112964.25,,-0.05600253080139117,1.317899335199746,2.622776675504368,0.8145793950314987,0.9059806605144453,,1.744484392910639,0.01679460550048084,2.8041020048605647,0.03449825212296087,5.798341327437839,-0.08208592226862654,0.5563646918151429,0.09589422462646373,0.9178394280038008,0.22350922948261198,350370.54153060913
2025-10-07,IBJA,3959.39990234375,3981.5,3940.0,3976.60009765625,2903.0,88.72109985351562,88.77249908447266,88.68180084228516,88.72109985351562,119954.0,1,7,10,4,280,41,0,0,397,0,119154.0,116893.5,116959.0,115373.0,113290.5,110704.5,117668.83333333333,115945.64285714286,113649.75,,1.9338115464076377,2.1299574008519784,4.691865675575935,0.968696037780184,0.965264737760551,,0.7116651299544197,-0.015777227948787775,2.820946287168713,-0.13462117142060137,6.414413058325752,-0.06477095256955945,0.47510077149922586,0.09547222501629213,0.9144588159519215,0.2158615048643947,352808.33434166014
2025-10-08,IBJA,3987.199951171875,4049.199951171875,3987.199951171875,4043.300048828125,2179.0,88.74259948730469,88.91950225830078,88.71910095214844,88.74259948730469,121948.5,2,8,10,4,281,41,0,0,396,0,119954.0,119154.0,116893.5,116669.0,113280.5,109852.0,118667.16666666667,116897.57142857143,114310.42857142857,,0.6714000369270057,2.5607264083995274,5.881781791059271,0.8357214352340857,0.9572329123853158,,1.6773110077421993,0.024232830549397733,4.187280920310998,0.0252478042751747,7.0987735155829235,-0.034359866575772724,0.5613911751518412,0.09632162728391909,0.9352830968923713,0.19571686271128916,358812.9568401538
2025-10-09,IBJA,4011.199951171875,4046.199951171875,3940.0,3946.300048828125,3130.0,88.7771987915039,88.86080169677734,88.70439910888672,88.7771987915039,122599.5,3,9,10,4,282,41,0,0,395,0,121948.5,119954.0,119154.0,116959.0,115373.0,109715.5,120352.16666666667,118135.85714285714,115174.46428571429,,1.6627207096053587,4.324449178098022,7.6518023843468175,0.7963840979787299,0.9132939038146598,,-2.399030465921359,0.03898838257963,-0.05571612439850826,0.047443457123375055,3.281953196613552,0.11321472873806471,1.3808711940463305,0.08539087860747274,1.1690181544956868,0.1955868822086271,350341.463925736
2025-10-10,IBJA,3957.0,4012.0,3945.5,3975.89990234375,1697.0,88.86540222167969,88.8656005859375,88.4928970336914,88.86540222167969,121185.0,4,10,10,4,283,41,0,0,394,0,122599.5,121948.5,119954.0,116893.5,116669.0,109824.0,121500.66666666667,119168.21428571429,116094.75,,0.533831904451465,2.8916360340399905,6.263597202118354,0.7326061660479618,0.8810460252194136,,0.7500659643053353,0.09935369822033913,-0.017607888530524196,0.16264718133827127,3.517492496305441,0.18139320301004958,1.384972654789823,0.09108208603643184,1.1688661422754785,0.1803849762921565,353319.94401491433
2025-10-13,IBJA,4016.0,4111.0,4016.0,4108.60009765625,1697.0,88.7573013305664,88.80269622802734,88.56159973144531,88.7573013305664,123962.0,0,13,10,4,286,42,0,0,391,0,121185.0,122599.5,121948.5,119154.0,116959.0,111661.0,121911.0,119813.35714285714,116906.25,,-1.1537567445217944,1.026226720242751,3.8707797272625966,1.0431488182848756,1.011632814064917,,3.3376140891845596,-0.12164564432355363,1.6150186243796272,0.016566838639686665,6.234003817873313,-0.09387241801470658,1.7563015745837212,0.08607160851621232,1.3451151304312488,0.1803507311927024,364668.25691447034
2025-10-14,IBJA,4131.7001953125,4160.10009765625,4085.800048828125,4138.7001953125,2424.0,88.66510009765625,88.81790161132812,88.60079956054688,88.66510009765625,125917.0,1,14,10,4,287,42,0,0,390,0,123962.0,121185.0,122599.5,119954.0,116893.5,113906.0,122582.16666666667,120813.78571428571,117784.89285714286,,2.291537731567428,1.65110681968208,5.98756829316256,1.2165733571612292,1.0688222479433656,,0.7326120075161535,-0.10388016707127967,4.875456607550888,-0.1262696901610072,6.6455406936580586,-0.062104782859429,1.7425857550510504,0.07910988887307019,1.3406978820152622,0.17698307144666892,366958.2670915723
2025-10-15,IBJA,4145.0,4210.60009765625,4145.0,4176.89990234375,3287.0,88.78250122070312,88.78269958496094,87.95980072021484,88.78250122070312,126538.0,2,15,10,4,288,42,0,0,389,0,125917.0,123962.0,121185.0,121948.5,119154.0,113814.0,123688.0,122102.85714285714,118642.82142857143,113475.71666666666,1.5770962069021177,2.7059653587494292,7.719419813762096,1.1717607862552286,1.035395630536032,,0.9229880210824382,0.1324096210544745,5.055459265498929,-0.09328827519371474,5.7844726438837535,0.05341902847182389,1.706379395970048,0.09568767784827753,1.219329383688722,0.0925796316824331,370835.62067858875
2025-10-16,IBJA,4198.7998046875,4307.0,4196.60009765625,4280.2001953125,4705.0,87.80950164794922,88.00150299072266,87.53189849853516,87.80950164794922,127359.0,3,16,10,4,289,42,0,0,388,0,126538.0,125917.0,123962.0,122599.5,119954.0,113290.5,125472.33333333333,123157.71428571429,119551.67857142857,114208.88333333333,0.49318201672530204,4.417213351487392,6.1970223408362335,1.1209495101819535,1.012200507645177,0.9044404256146337,2.4731330743833713,-1.0959362029406505,4.176607447245573,-1.0678554534766849,7.63466504552941,-1.0274874940363832,1.8143710083142681,0.42927330324209184,1.2775089113760467,0.307150802883313,375842.24610384554
2025-10-17,IBJA,4354.7001953125,4358.0,4182.2001953125,4189.89990234375,4060.0,87.9906997680664,88.09400177001953,87.689697265625,87.9906997680664,130229.0,4,17,10,4,290,42,0,0,387,0,127359.0,126538.0,125917.0,121185.0,121948.5,113280.5,126604.66666666667,124215.57142857143,120556.57142857143,114926.53333333334,0.648816956171272,2.7403559155225077,6.173199726561851,1.1216419294583695,0.9505156039159166,0.8976058615930752,-2.1097212477968474,0.20635365958874274,1.2370963011343328,-0.7606153140830574,3.625747576119509,-0.847281602727723,2.1389144525748423,0.44652771405702535,1.5208591659877708,0.3160920838988974,368672.22436537966
2025-10-20,IBJA,4244.10009765625,4356.60009765625,4214.60009765625,4336.39990234375,1750.0,88.0022964477539,88.01129913330078,87.49960327148438,88.0022964477539,127181.5,0,20,10,4,293,43,0,0,384,0,130229.0,127359.0,126538.0,123962.0,122599.5,115373.0,128042.0,125398.5,121767.17857142857,115739.23333333334,2.253472467591622,3.4244780291779575,6.790161420599672,1.2103987630314095,0.9860557188579676,0.9375338852743482,3.4965035779983777,0.013179437961130525,3.8186215549599556,-0.8787821498852821,9.885205095630468,-0.8728618995626158,1.945476021861407,0.44509440387446697,1.6868973204344162,0.3164102576521861,381613.1497220658
2025-10-22,IBJA,4109.7001953125,4148.5,4006.0,4044.39990234375,1237.0,88.00160217285156,87.99810028076172,87.61039733886719,88.00160217285156,123659.0,2,22,10,4,295,43,0,0,382,0,127181.5,130229.0,127359.0,125917.0,121185.0,116669.0,128256.5,126053.07142857143,122610.64285714286,116432.21666666666,-2.3401085779665043,0.5085428883023324,3.737372501519176,1.7443861212757221,1.2970724641412599,1.0893278648508247,-6.7336963051350285,-0.0007889281647965873,-5.509094953712424,0.21876963346463274,1.7228803964511208,-0.9720318900637293,3.6519879361878766,0.43826431371158936,2.65549961156196,0.31586159528579816,355913.6712339744
2025-10-23,IBJA,4078.39990234375,4136.7998046875,4070.699951171875,4125.5,354.0,87.74030303955078,88.03109741210938,87.71610260009766,87.74030303955078,123590.5,3,23,10,4,296,43,0,0,381,0,123659.0,127181.5,130229.0,126538.0,123962.0,116959.0,127023.16666666667,126406.5,123109.92857142857,116965.03333333334,-2.769663826893065,-2.905173564490926,2.041506787143632,2.0802576799154675,1.5859209609926284,1.244202988326625,2.005244278866991,-0.2969254273206712,-1.5370272284482511,-0.2845718117660656,0.41132994066253037,-1.1458193024908803,3.498967715925176,0.4421234221760389,2.6894503848888074,0.3157803436359327,361972.62018966675
2025-10-24,IBJA,4117.5,4120.60009765625,4074.89990234375,4118.39990234375,123.0,87.77899932861328,87.8582992553711,87.63600158691406,87.77899932861328,121968.5,4,24,10,4,297,43,0,0,380,0,123590.5,123659.0,127181.5,127359.0,125917.0,116893.5,124810.33333333333,126353.42857142857,123583.60714285714,117441.08333333333,-0.05539426972561712,-5.097558915448941,-0.2996886142527577,1.8874355507826517,1.5906430516441914,1.2315985298255565,-0.1721027186098678,0.04410320881278462,-5.027211625066563,-0.25374010469509933,-0.4904992391510321,-0.9993794267045497,3.488936504481003,0.44894336177623484,2.6952342384828536,0.31736722427272485,361509.02226279303
2025-10-27,IBJA,4060.0,4078.60009765625,3971.300048828125,4001.89990234375,220.0,87.8290023803711,88.31719970703125,87.70939636230469,87.8290023803711,121739.5,0,27,10,4,300,44,0,0,377,0,121968.5,123590.5,123659.0,130229.0,126538.0,119154.0,123072.66666666667,125789.35714285714,123946.10714285714,117855.96666666666,-1.3123986066890247,-4.098866580438187,-3.135795801996555,1.7915492084998466,1.6529654149702464,1.271103834415818,-2.8287685208447266,0.056964709258777724,-1.0508357488430153,-0.1961325569294181,-4.189710170018768,-1.0739715903720026,3.6066874691193447,0.4420965833511802,2.8025540591849345,0.3184473541996942,351482.87604895607
2025-10-28,IBJA,3929.699951171875,3966.199951171875,3923.60009765625,3966.199951171875,219.0,88.22209930419922,88.41649627685547,88.15979766845703,88.22209930419922,118603.5,1,28,10,4,301,44,0,0,376,0,121739.5,121968.5,123590.5,127181.5,127359.0,119954.0,122432.83333333333,125103.85714285714,124130.78571428571,118275.28333333334,-0.18775339534388147,-1.552252565522927,-3.7921414910935813,1.750430647205958,1.5893389521503671,1.2686661457887443,-0.8920750654199727,0.4475707490399383,-3.8613513229457053,0.5491162532585081,-7.336111158644054,0.469878143602509,3.3513774443958213,0.2253929577680096,2.809854216221198,0.34757660732302403,349906.48595259525
2025-10-29,IBJA,3983.699951171875,3983.699951171875,3983.699951171875,3983.699951171875,1344.0,88.22550201416016,88.45020294189453,88.13819885253906,88.22550201416016,119990.0,2,29,10,4,302,44,0,0,375,0,118603.5,121739.5,121968.5,123659.0,130229.0,121948.5,120770.5,123853.07142857143,124034.32142857143,118569.6,-2.575992180023734,-4.035099785177665,-6.874661390243331,1.809513369319466,1.7396441889232541,1.3771785741899223,0.44122838524138785,0.003856981400085502,-3.2706865376336602,0.5086668667471761,-4.92135745430412,0.2668489359814785,3.353540921065026,0.2174112797778811,2.7729011357567526,0.3473308089829701,351463.928065924
2025-10-30,IBJA,3960.0,4027.199951171875,3913.699951171875,4001.300048828125,935.0,88.34559631347656,88.7511978149414,88.29679870605469,88.34559631347656,119436.0,3,30,10,4,303,44,0,0,374,0,119990.0,118603.5,121739.5,123590.5,127181.5,122599.5,120111.0,122390.35714285714,123894.42857142857,118917.36666666667,1.1690211503033288,-1.622140142741768,-7.86230409509403,1.5056208407750085,1.7065791825410905,1.3838524478604926,0.441802793181556,0.13612197899097733,-0.014989218377847724,0.5881814880102976,-7.727604950237854,0.39010330364102064,2.887509692022936,0.21999610204713732,2.6921000476585486,0.3500149840505395,353497.2388428636
2025-10-31,IBJA,4034.5,4034.5,3976.60009765625,3982.199951171875,559.0,88.6344985961914,88.9115982055664,88.5636978149414,88.6344985961914,120792.5,4,31,10,4,304,44,0,1,373,0,119436.0,119990.0,118603.5,121968.5,123659.0,121185.0,119343.16666666667,121283.85714285714,123668.46428571429,119208.41666666667,-0.4617051420951701,-1.8921549702438423,-6.090115307650878,1.4240003278986015,1.6987701480119723,1.383662592584626,-0.47734729770749773,0.3270137899004322,0.40340880936353685,0.46745576816324963,-1.5379278180634337,0.7191873871758903,1.4805583189274412,0.2399184786648754,2.690451403103924,0.36178915723710664,352960.29598189704
2025-11-03,IBJA,3976.199951171875,4020.0,3959.0,4000.300048828125,0.0,88.77539825439453,88.91500091552734,88.68930053710938,88.77539825439453,120945.0,0,3,11,4,307,45,0,0,370,0,120792.5,119436.0,119990.0,121739.5,123590.5,123962.0,120072.83333333333,120874.35714285714,123640.42857142857,119573.1,1.135754713821635,1.8456453645971704,-2.318068236036197,1.3240097934742794,1.7072860825752483,1.3783534267099777,0.4545250835765735,0.15896706184919118,0.4167005010346392,0.6232849093294135,-3.0347824790176947,1.1797260540314713,1.1788233069969996,0.16287259432619786,2.524291253932618,0.36337335818401995,355128.2299717907
2025-11-04,IBJA,3994.199951171875,3995.39990234375,3927.39990234375,3947.699951171875,657.0,88.72339630126953,88.77449798583984,88.30650329589844,88.72339630126953,119676.0,1,4,11,4,308,45,0,0,369,0,120945.0,120792.5,119436.0,118603.5,121968.5,125917.0,120391.16666666667,120496.42857142857,123424.92857142857,119947.41666666667,0.12624956019620104,0.7958996583048661,-2.140536691736017,1.3319744723047493,1.5758061759095547,1.3762878044871365,-1.3149038075696118,-0.05857698658358057,-1.3395670657577408,0.4276387319322783,-4.144812432486966,1.0758803129217398,1.2152019985450258,0.17963125031518662,2.527883544972854,0.3625580473543988,350253.34724632464
2025-11-06,IBJA,4004.0,4007.5,3979.89990234375,3979.89990234375,650.0,88.55690002441406,88.68170166015625,88.4114990234375,88.55690002441406,120385.0,3,6,11,4,310,45,0,0,367,0,119676.0,120945.0,120792.5,119990.0,121739.5,126538.0,120471.16666666667,120168.92857142857,122979.14285714286,120275.81666666667,-1.0492372566042407,0.20094443886264912,-1.8795836629949547,1.302047180741374,1.507402335801411,1.3988444774193731,0.8156635907021315,-0.1876576909771499,-0.057758245601102765,-0.08754894877994746,-0.5497388874498244,0.8287668359143741,0.813849541224323,0.22058437324066538,2.5240274871239774,0.3640152192880762,352447.59775903076
2025-11-07,IBJA,3980.800048828125,3999.39990234375,3980.800048828125,3999.39990234375,245.0,88.6729965209961,88.72039794921875,88.6001968383789,88.6729965209961,120165.5,4,7,11,4,311,45,0,0,366,0,120385.0,119676.0,120945.0,119436.0,118603.5,127359.0,120335.33333333333,119975.42857142857,122539.64285714286,120566.61666666667,0.5924329021691932,-0.3373553821636288,-1.1126216223986463,1.3423674525136378,1.5119088509210825,1.3759071760420243,0.48996207137059766,0.1310981939860456,-0.02250197418662836,-0.11534922446080342,0.8370720483233729,0.5110932752145692,0.7477997918886707,0.16798254541510818,2.4085637424610877,0.1909968006376436,354638.77362659946
2025-11-10,IBJA,4060.0,4111.7998046875,4060.0,4111.7998046875,189.0,88.65799713134766,88.74230194091797,88.51419830322266,88.65799713134766,122264.0,0,10,11,4,314,46,0,0,363,0,120165.5,120385.0,119676.0,120792.5,119990.0,130229.0,120075.5,120198.57142857143,122025.82142857143,120775.26666666666,-0.1823316858412638,-0.644507834139485,1.3169931747376795,0.8284533984682935,1.485989677490859,1.3374256773882751,2.810419190086022,-0.016915397287697864,4.1568471653199435,-0.07371130124438352,3.2155999469272833,0.49021553554671193,1.2702446797221065,0.1695828926221276,2.5056963214693226,0.18804240106787404,364543.9352886602
2025-11-11,IBJA,4140.10009765625,4140.10009765625,4106.7998046875,4106.7998046875,569.0,88.70709991455078,88.71649932861328,88.41960144042969,88.70709991455078,124148.0,1,11,11,4,315,46,0,0,362,0,122264.0,120165.5,120385.0,120945.0,119436.0,127181.5,120938.16666666667,120523.42857142857,121456.89285714286,121056.93333333333,1.7463415040090524,2.162505431331252,1.8951579298274845,0.960388997709178,1.420981997415655,1.366098611461605,-0.12160125097286922,0.055384494114374405,3.1885199491831218,0.16960834231471988,2.6366369572877524,0.40919255306341995,1.2892977048648402,0.16706365893587719,2.2823472749918268,0.1876731028585892,364302.3006034717
2025-11-12,IBJA,4115.60009765625,4204.39990234375,4102.89990234375,4204.39990234375,396.0,88.46649932861328,88.65370178222656,88.46649932861328,88.46649932861328,123637.5,2,12,11,4,316,46,0,0,361,0,124148.0,122264.0,120165.5,119676.0,120792.5,123659.0,122192.5,121196.57142857143,121240.21428571429,121418.85,1.5409278283059713,3.1258047098891018,3.9452091496701147,1.0025797873997906,1.4002718014444053,1.3791217242551894,2.3765487069725033,-0.2712303594292531,5.125768990489421,-0.23287494556916144,5.579829086846488,-0.189541623452405,1.4179820456531436,0.15964761124070895,1.4860632482826996,0.20701775912342715,371948.5411379151
2025-11-13,IBJA,4228.7001953125,4228.7001953125,4163.7001953125,4186.89990234375,167.0,88.59390258789062,88.79910278320312,88.58209991455078,88.59400177001953,126339.0,3,13,11,4,317,46,0,0,360,0,123637.5,124148.0,122264.0,120385.0,120945.0,123590.5,123349.83333333333,121603.0,121238.67857142857,121764.08333333333,-0.4112027579985189,2.8893484402761294,2.355278680381656,1.024411327584725,1.1884081827061987,1.3843239786754447,-0.4162306252134762,0.1441251121881093,1.8264531646369209,-0.07218227728889026,4.6646464324667125,-0.2043319297258317,1.4884750472022648,0.15684017313160675,1.4097463632641476,0.1844879751973497,370934.2173591368
2025-11-14,IBJA,4197.7001953125,4197.89990234375,4047.0,4087.60009765625,483.0,88.81620025634766,88.81620025634766,88.63249969482422,88.81610107421875,125111.0,4,14,11,4,318,46,0,0,359,0,126339.0,123637.5,124148.0,120165.5,119676.0,121968.5,124708.16666666667,122373.57142857143,121435.0,122129.61666666667,2.185016681831975,3.3329516456193087,4.459878457149946,1.2287730570079052,1.3228427323470093,1.398632746373472,-2.371678497303309,0.2506933875453088,-0.46751017688604346,0.12287760480611531,3.5438394055973266,0.10448740333883766,1.752647240376426,0.18768363501067117,1.5588619793678946,0.19047859667955447,363044.70342442393
2025-11-17,IBJA,4070.0,4099.5,4019.39990234375,4068.300048828125,1552.0,88.68199920654297,88.74349975585938,88.56430053710938,88.68199920654297,122819.0,0,17,11,4,321,47,0,0,356,0,125111.0,126339.0,123637.5,122264.0,120385.0,121739.5,125029.16666666667,123150.0,121659.46428571429,122411.01666666666,-0.9719880638599299,0.7756870831588047,4.541428523680602,1.2113842747091512,1.2964560154606095,1.4090299137920053,-0.4721608857772397,-0.15098823980543852,-3.237081549729748,0.24359489701204495,2.2211650708178876,0.1412641839251494,1.7827754772880906,0.18149174897028347,1.347774020402498,0.20059699170356868,360784.9817021545
2025-11-18,IBJA,4037.39990234375,4063.39990234375,4035.60009765625,4061.300048828125,1375.0,88.63590240478516,88.69400024414062,88.53569793701172,88.63590240478516,121773.0,1,18,11,4,322,47,0,0,355,0,122819.0,125111.0,126339.0,124148.0,120165.5,118603.5,124756.33333333333,123497.71428571429,121736.57142857143,122606.35,-1.8319732077914819,-0.6620159741178799,2.021846575570052,1.5322488556420952,1.4033449430899978,1.4590474949196788,-0.17206203859069236,-0.05197988562531952,-2.9998293831986933,0.047295114712619934,1.5477358602749458,-0.04183248301771192,1.7902890680649757,0.17597299045096362,1.319374883589459,0.17026029646264573,359976.9947644789
2025-11-19,IBJA,4086.10009765625,4122.7001953125,4072.0,4077.699951171875,486.0,88.55699920654297,88.6082992553711,88.40899658203125,88.55680084228516,123666.0,2,19,11,4,323,47,0,0,354,0,121773.0,122819.0,125111.0,123637.5,122264.0,119990.0,123234.33333333333,123727.35714285714,121962.96428571429,122769.0,-0.8516597594834696,-3.614085911713727,1.337738369165864,1.5870084358492567,1.2162359849130389,1.4705475572695306,0.40380917801141614,-0.08924325285114554,-0.2421994874217681,-0.29195182945140896,-0.8293169690983149,-0.1141423135383679,1.4018461832974063,0.178831591550663,1.3188371857365173,0.1733008957563555,361108.06247052364
2025-11-20,IBJA,4045.0,4090.39990234375,4040.199951171875,4056.5,202.0,88.48729705810547,88.73829650878906,88.4635009765625,88.48719787597656,122721.0,3,20,11,4,324,47,0,0,353,0,123666.0,121773.0,122819.0,126339.0,124148.0,119436.0,122752.66666666667,123927.64285714286,122225.53571428571,122919.4,1.5545317927619484,-1.1549743827481196,1.146698946541913,1.5572519854013562,1.2440217826967215,1.4562156761224736,-0.5198997333235034,-0.07859697464969173,-0.29004863669099823,-0.21966276393105,-1.2247931985895133,-0.24789677352324846,1.4104297403211519,0.17705705812678332,1.3288659829409537,0.17239157731815097,358948.3181838989
2025-11-21,IBJA,4031.800048828125,4085.199951171875,4031.800048828125,4076.699951171875,171.0,88.69229888916016,89.72579956054688,88.60279846191406,88.69219970703125,122647.5,4,21,11,4,325,47,0,0,352,0,122721.0,123666.0,121773.0,125111.0,123637.5,120792.5,122720.0,123723.78571428571,122460.17857142857,123011.63333333333,-0.7641550628305294,-0.07979221455963748,-1.1494345458646138,1.4605891685098604,1.2593574709880249,1.4615324339014824,0.49796502334216175,0.23167400027970242,0.37918652053776647,0.06351523560848005,-3.0372931723428254,0.255125250949062,0.9489311339665869,0.16712972357783556,1.3214722036831539,0.1604413128757425,361571.4862149805
2025-11-24,IBJA,4060.5,4091.89990234375,4060.5,4091.89990234375,591.0,89.63400268554688,89.64129638671875,89.01580047607422,89.63400268554688,123182.5,0,24,11,4,328,48,0,0,349,0,122647.5,122721.0,123666.0,122819.0,126339.0,120945.0,123011.5,123582.35714285714,122592.67857142857,123034.93333333333,-0.05989195003299752,0.7181394890493076,-0.8007279344859008,1.4563850293755916,1.2313452980684603,1.4309858121000154,0.3728493966671742,1.0618780249295856,0.34823433165538376,1.2163965195402193,-2.2689818771836623,1.173895404597558,0.997273437717994,0.4256442892809164,1.3203265521797927,0.3246430517987927,366773.3668356687
2025-11-25,IBJA,4139.2001953125,4139.2001953125,4139.2001953125,4139.2001953125,132704.0,89.14779663085938,89.26200103759766,88.96649932861328,89.14779663085938,125230.5,1,25,11,4,329,48,0,0,348,0,123182.5,122647.5,122721.0,121773.0,125111.0,119676.0,122850.33333333333,123131.42857142857,122752.5,123054.36666666667,0.43620946207627576,-0.3909724580725471,-2.498436745581334,1.105713461104194,1.2343280419224667,1.42990874509018,1.155949414638835,-0.5424348351297015,2.038708130469624,0.7465472641688953,1.2623567967384286,0.3734633164806933,0.6027680104805614,0.4990778857593528,1.270794776100288,0.3628114221447738,369000.57722613215
2025-11-26,IBJA,4128.60009765625,4171.0,4127.5,4165.2001953125,25088.0,89.1532974243164,89.28790283203125,89.1532974243164,89.15059661865234,126042.5,2,26,11,4,330,48,0,0,347,0,125230.5,123182.5,122647.5,123666.0,122819.0,120385.0,123686.83333333333,123148.5,123149.25,123189.21666666666,1.6625738233921217,2.0448822939839184,0.09551518251791347,1.2933767015840223,1.2463939390889747,1.4422002778594112,0.6281406738781081,0.00314083791050912,2.170879515309565,0.5168401653530719,2.3818338205483958,0.5284019488757785,0.5447495062683744,0.49185762446252257,1.2664489316228533,0.3573589266432794,371330.08244823664
2025-11-27,IBJA,,,,,,89.1624984741211,89.40630340576172,89.13800048828125,89.16300201416016,125957.0,3,27,11,4,331,48,0,0,346,0,126042.5,125230.5,123182.5,122721.0,121773.0,120165.5,124818.5,123609.0,123553.35714285714,123258.56666666667,0.6484043423926389,2.768095558409267,2.6245939146223307,1.0098793177013639,1.2473837249022168,1.3870161475045568,,0.013915100939687619,,-0.5254709789532463,,0.5946795768692281,,0.489617710399272,,0.35664278028748264,
2025-11-28,IBJA,4163.39990234375,4223.89990234375,4140.0,4218.2998046875,3615.0,89.36489868164062,89.61869812011719,89.05500030517578,89.36479949951172,126628.5,4,28,11,4,332,48,0,0,345,0,125957.0,126042.5,125230.5,122647.5,123666.0,122264.0,125743.33333333333,124206.71428571429,123967.03571428571,123259.9,-0.06783426225280831,2.2523491567389753,3.435901226051752,0.8871818432316706,1.2440965306034812,1.3573684220247946,,0.22632423852162464,1.9109877667810693,0.24341921713544323,3.448018618319826,0.9124072341609946,,0.4853277066772856,,0.35957178383606125,376967.5162747279
2025-12-01,IBJA,4218.5,4262.10009765625,4214.89990234375,4239.2998046875,913.0,89.3572998046875,89.7970962524414,89.31659698486328,89.3499984741211,128701.0,0,1,12,4,335,49,1,0,342,0,126628.5,125957.0,126042.5,123182.5,122721.0,124148.0,126209.33333333333,124629.92857142857,124278.78571428571,123262.91666666667,0.5331184451836668,1.1163414663360793,2.395565474746486,0.7567756571503168,1.1794730472400028,1.3578781341298702,0.4978309027884764,-0.01656247814969536,1.779016755506535,0.22366855975368694,4.506343022001724,0.9750569786985741,,0.4814165600726575,,0.36011550299058864,378781.43108017
2025-12-02,IBJA,4230.5,4230.5,4167.0,4186.60009765625,366.0,89.61270141601562,89.99299621582031,89.5802993774414,89.61270141601562,127867.0,1,2,12,4,336,49,0,0,341,0,128701.0,126628.5,125957.0,125230.5,122647.5,123637.5,127095.5,125484.21428571429,124604.0,123307.65,1.6366773672593427,2.1092091953111014,4.872841648943549,0.7152229377897074,1.1877375079650323,1.3855661641251558,-1.2431229084807538,0.2940156087082757,,0.5043565062827771,2.695811509325896,1.0378609528515215,,0.48397136346327496,,0.35267484690027256,375172.5444995314
2025-12-03,IBJA,4215.7001953125,4234.10009765625,4195.7001953125,4199.2998046875,1897.0,89.91719818115234,90.3040008544922,89.8427963256836,89.91719818115234,128382.0,2,3,12,4,337,49,0,0,340,0,127867.0,128701.0,126628.5,126042.5,123182.5,126339.0,127732.16666666667,126229.85714285714,124906.10714285714,123228.91666666667,-0.6480136129478398,1.5163905142230982,4.255692125807697,0.8407285484152828,1.1997208406077622,1.3260252680069184,0.3033417745907929,0.3397919718133746,-0.45041843585623687,0.6181390040981949,2.624695249320097,0.31594650146213876,,0.2981543755640128,,0.3587007274178854,377589.27276016027
2025-12-04,IBJA,4211.0,4211.7998046875,4175.0,4211.7998046875,616.0,90.17060089111328,90.4521026611328,89.72579956054688,90.17050170898438,127800.0,3,4,12,4,338,49,0,0,339,0,128382.0,127867.0,128701.0,125957.0,125230.5,125111.0,128316.66666666667,126972.64285714286,125052.03571428571,123268.93333333333,0.4027622451453494,1.3847593551214787,4.220972946644208,0.8419098704322339,1.065310515735371,1.255540894847331,0.2976686729070144,0.281707540888565,-0.6486920309243693,0.918302460968623,1.7539525983115478,1.1472017444915439,,0.15628266010079023,,0.3597536783001636,379780.1014864743
2025-12-05,IBJA,4204.10009765625,4255.7001953125,4194.5,4212.89990234375,533.0,89.8364028930664,90.07720184326172,89.6980972290039,89.8364028930664,128585.0,4,5,12,4,339,49,0,0,338,0,127800.0,128382.0,127867.0,126628.5,126042.5,122819.0,128016.33333333333,127339.71428571429,125244.10714285714,123406.96666666666,-0.45333457961396206,-0.7000722605107979,2.051816450465349,0.7718170049141051,1.0329448721104926,1.1430485734684785,0.02611941942316509,-0.3705189719318991,0.6281900366414961,0.24963144009271243,1.145196024069417,0.7692671731044598,,0.25358414190557016,,0.3763480431251169,378471.77297511324
2025-12-08,IBJA,4205.5,4215.7998046875,4175.5,4187.2001953125,318.0,89.93800354003906,90.23870086669922,89.84819793701172,89.93800354003906,128474.0,0,8,12,4,342,50,0,0,335,0,128585.0,127800.0,128382.0,128701.0,125957.0,121773.0,128255.66666666667,127702.92857142857,125655.96428571429,123573.45,0.6142410015649524,0.5615209553676781,2.0171767459388645,0.7692998276077209,0.8636465511176552,1.1461168634255365,-0.6100241550233032,0.11309518602786728,-0.2881339732279553,0.02313835318221713,,0.8691963127888336,,0.2500796993942318,,0.37403250401477084,376588.4259888679
2025-12-09,IBJA,4190.7001953125,4219.7001953125,4177.7001953125,4206.7001953125,660.0,90.12989807128906,90.1685028076172,89.8053970336914,90.12999725341795,127691.5,1,9,12,4,343,50,0,0,334,0,128474.0,128585.0,127800.0,127867.0,126628.5,123666.0,128286.33333333333,128062.5,126134.60714285714,123790.3,-0.0863242213321902,0.07166113629637483,1.9983010074866803,0.7707565168390657,0.8052278169157608,1.1140061239783121,0.4657049840088856,0.21347339925488207,-0.1210791018444013,-0.04491985161305667,-0.27498304795952055,0.8562630456194542,0.6523883712984614,0.2492489532865527,,0.3706826384973413,379149.8770494684
2025-12-10,IBJA,4209.0,4234.5,4183.60009765625,4196.39990234375,692.0,89.91699981689453,90.0470962524414,89.7531967163086,89.91690063476562,127939.0,2,10,12,4,344,50,0,0,333,0,127691.5,128474.0,128585.0,128382.0,128701.0,122721.0,128250.16666666667,128214.35714285714,126422.14285714286,123988.7,-0.6090726528324764,-0.08489827856025256,0.8394634699139703,0.8283690789017947,0.7706621112215238,1.1214248684881212,-0.2448544581386547,-0.2364325143083823,-0.3916542140206203,0.08960481398063713,-1.0119572646481556,0.6344736097658954,0.6098205774690821,0.2814194360879292,,0.37969083105929086,377327.27304278314
2025-12-11,IBJA,4224.0,4286.89990234375,4214.2998046875,4285.5,528.0,89.79299926757812,90.65029907226562,89.79299926757812,89.79299926757812,128565.5,3,11,12,4,345,50,0,0,332,0,127939.0,127691.5,128474.0,127800.0,127867.0,122647.5,128034.83333333333,128105.5,126794.85714285714,124299.88333333333,0.19382652721597893,-0.5023914142396113,-0.5920699916861616,0.5052872150204887,0.7160201258086493,0.99482312628557,2.1232508752677903,-0.13779541589269417,2.3476261010291655,-0.16122691938161848,2.362296375025563,0.20119675973775397,0.8700567406649077,0.27672059040411157,,0.3837918800217546,384807.89836120605
2025-12-12,IBJA,4276.39990234375,4355.0,4260.0,4300.10009765625,1531.0,90.2509994506836,90.64469909667967,90.17530059814452,90.25299835205078,131639.5,4,12,12,4,346,50,0,0,331,0,128565.5,127939.0,127691.5,128585.0,128382.0,123182.5,128065.33333333333,128205.28571428571,127217.57142857143,124585.73333333334,0.4896864912184773,0.07122063608200335,0.546270734435006,0.4756240486618012,0.7097954745574973,0.9809983090927209,0.34068597961147695,0.5122883612584062,2.2202652437134596,0.13647076709319972,2.400407154931661,0.37345488704165763,0.8699281891511907,0.3141536663163242,,0.29427466926280516,388096.92702742293
2025-12-15,IBJA,4308.2998046875,4349.2001953125,4292.89990234375,4306.7001953125,854.0,90.5770034790039,90.77239990234376,90.39340209960938,90.5770034790039,133345.5,0,15,12,4,349,51,0,0,328,0,131639.5,128565.5,127939.0,128474.0,127800.0,125230.5,129381.33333333333,128670.64285714286,127821.64285714286,124992.51666666666,2.390999140515926,3.0918267856513637,2.537349472667505,1.0028119791502361,0.8976850652937136,1.0471642689184752,0.1534870702160518,0.358996524070343,2.628450470298249,0.7341254420229149,2.2532027880190597,0.4508145816150222,0.8728726436422817,0.324685010339587,,0.2500767068343139,390087.9985738471
2025-12-16,IBJA,4270.5,4321.39990234375,4270.5,4304.5,1796.0,90.7769012451172,91.072998046875,90.75279998779295,90.7769012451172,131956.5,1,16,12,4,350,51,0,0,327,0,133345.5,131639.5,128565.5,127691.5,128585.0,126042.5,131183.5,129462.85714285714,128401.28571428571,125410.95,1.2959635975523964,4.225842002829472,4.339201877934262,0.9832895396883323,0.8652688359599274,1.0518128425714242,-0.051087728718490766,0.22069372846897917,0.44335550110838895,1.0957446410795324,2.1742766213194376,1.0469011689729912,0.8777096748263608,0.2637778497623836,,0.24941920698426248,390749.171409607
2025-12-17,IBJA,4308.5,4351.39990234375,4308.5,4347.5,2169.0,90.9489974975586,91.06549835205078,89.82060241699219,90.94889831542967,132515.0,2,17,12,4,351,51,0,0,326,0,131956.5,133345.5,131639.5,127939.0,128474.0,125957.0,132313.83333333334,129944.5,128823.71428571429,125778.0,-1.041654948985904,2.6375660655463484,2.6220010110044045,1.1652269758356897,0.949677833123483,1.081029850909468,0.9989545824137469,0.18947228640031621,1.102297650456685,0.7710546752855763,3.8283291271086872,1.12399067757889,0.8038798159887997,0.2636156399289966,,0.24756736124828863,395400.3354263305
2025-12-18,IBJA,4331.0,4348.10009765625,4328.2001953125,4339.5,705.0,90.41629791259766,90.4573974609375,90.0458984375,90.4136962890625,132464.0,3,18,12,4,352,51,0,0,325,0,132515.0,131956.5,133345.5,128565.5,127691.5,126628.5,132605.66666666666,130521.78571428571,129292.14285714286,126205.96666666666,0.42324553924968367,0.6650739329760347,3.1453835017202003,1.1472946509778856,0.9428093519064217,1.0508275708379975,-0.1840138010350767,-0.588464551281298,0.7615994427287998,-0.18029652524248485,3.1568640150652527,0.31476649760331377,0.8501811465863839,0.3835332452798753,0.7703991652644308,0.3132799882896855,392350.2350463867
2025-12-19,IBJA,4350.10009765625,4361.39990234375,4350.10009765625,4361.39990234375,1065.0,90.26129913330078,90.29299926757812,89.21189880371094,90.25579833984376,132086.5,4,19,12,4,353,51,0,0,324,0,132464.0,132515.0,131956.5,131639.5,127939.0,128701.0,132311.83333333334,131203.57142857142,129708.96428571429,126608.6,-0.0384862091084015,-0.6610646778481444,3.737523640962781,1.0777543279912871,0.9474413055445293,1.0520296626303054,0.5046641858220902,-0.1746394138272156,1.321870190353125,-0.5740479110058483,3.931941755785595,0.376901008248387,0.7936904215765628,0.37661029238532595,0.7706009075813036,0.3199546420970064,393641.6300653518
2025-12-22,IBJA,4371.10009765625,4447.60009765625,4371.10009765625,4444.60009765625,449.0,89.56999969482422,89.77189636230469,89.3949966430664,89.56999969482422,133777.0,0,22,12,4,356,52,0,0,321,0,132086.5,132464.0,132515.0,133345.5,128565.5,127867.0,132355.16666666666,131796.07142857142,129950.78571428571,127005.96666666666,-0.28498308974513886,0.09851731441801181,3.2417792854407157,1.1171578311982797,0.8798089527915269,1.053900422642489,1.9076488553088078,-0.7598388775392317,2.233469756325479,-1.5161245997979522,3.7125212380410666,-0.24834850664624541,0.7238015844131395,0.48678138783118075,0.7749809419203394,0.381829119496467,398102.829390686
2025-12-23,IBJA,4503.2998046875,4503.7998046875,4450.39990234375,4482.7998046875,694.0,89.60399627685547,89.83300018310547,89.43090057373047,89.60389709472656,136208.0,1,23,12,4,357,52,0,0,320,0,133777.0,132086.5,132464.0,131956.5,131639.5,128382.0,132775.83333333334,132540.57142857142,130372.92857142857,127389.73333333334,1.2798431330983906,0.9523450175451753,4.053575803773168,1.1595246233349517,0.8895079117616513,1.0354264079060382,0.8594633081026481,0.03784459084272829,3.302219257690986,-0.8956598696583717,4.248731491874569,-0.7192018760332597,0.7284080997747056,0.4273634944904685,0.7821631401281732,0.3693164177815676,401676.3323954791
2025-12-24,IBJA,4500.7001953125,4503.39990234375,4468.39990234375,4480.60009765625,500.0,89.50789642333984,89.8656997680664,89.4229965209961,89.50789642333984,136631.0,2,24,12,4,358,52,0,0,319,0,136208.0,133777.0,132086.5,132515.0,133345.5,127800.0,134023.83333333334,133193.2142857143,130931.92857142857,127791.73333333334,1.8172032561651008,2.8264283125981393,3.4704628929766557,1.0218572708486866,0.9750045056035559,1.0479454925259049,-0.0490699368048908,-0.10713894651839251,2.733071903093398,-0.8286469459699575,4.037891992877185,-1.1803294595762237,0.7526505324259455,0.37683944980206674,0.7934664430310551,0.35901104804993583,401049.089455422
2025-12-26,IBJA,4512.0,4556.2998046875,4502.0,4529.10009765625,263.0,90.10590362548828,90.10900115966795,89.54869842529297,90.10590362548828,137935.0,4,26,12,4,360,52,0,0,317,0,136631.0,136208.0,133777.0,132464.0,131956.5,128585.0,135538.66666666666,133662.57142857142,131562.7142857143,128224.85,0.3105544461411869,3.4405484284919297,2.4639001691095785,0.9587324749894106,0.9427330973195772,1.038949893262451,1.0824442919012078,0.6681055259304403,1.9011834168063624,0.5983073936473682,5.217797599169471,-0.7391722017664804,0.7180185694696484,0.4782288143371551,0.8006814595100227,0.39377306663325384,408098.6569096036
2025-12-29,IBJA,4371.5,4379.0,4325.10009765625,4325.10009765625,2044.0,89.81430053710938,90.3550033569336,89.76360321044922,89.82929992675781,137471.0,0,29,12,4,363,1,0,0,314,0,137935.0,136631.0,136208.0,132086.5,132515.0,128474.0,136924.66666666666,134516.64285714287,132230.57142857142,128611.38333333333,0.9543954153888867,3.1081576055674853,4.53065972498512,0.7489390136319264,0.9507388588973661,0.986515500510618,-4.504206036549451,-0.3069762219800043,-3.5178842219621087,0.251554719537439,-0.5152363966359985,-1.2310191870481657,2.0859590415741645,0.4638851944610918,1.549845681323078,0.40222136182865204,388520.7138856128
2025-12-30,IBJA,4346.39990234375,4403.60009765625,4338.0,4370.10009765625,1837.0,89.90019989013672,89.99009704589844,89.68579864501953,89.9000015258789,134480.5,1,30,12,4,364,1,0,0,313,0,137471.0,137935.0,136631.0,133777.0,132464.0,127691.5,137345.66666666666,135224.64285714287,132873.2142857143,129023.38333333333,-0.33639032877804675,0.927258310818746,3.7399539674753735,0.8352067749688582,0.9649816150303517,0.9648924367192927,1.0404383478751278,0.07870661262945333,-2.4661875104140862,0.43806760990621196,0.7051526133483144,-0.5681603388288159,2.1242972389227,0.4324594482450669,1.5637457365379777,0.3981077522269044,392872.00544754043
2025-12-31,IBJA,4333.5,4363.7998046875,4285.0,4325.60009765625,785.0,89.76969909667969,89.93800354003906,89.64399719238281,89.76940155029297,133147.0,2,31,12,4,365,1,0,1,312,0,134480.5,137471.0,137935.0,136208.0,132086.5,127939.0,136628.83333333334,135512.7142857143,133358.14285714287,129412.1,-2.1753678957743827,-1.5739473472345167,1.5223003985988637,1.3243952582946015,1.1709012807190962,0.9929192486107131,-1.0182833117224455,-0.14527249540517984,-4.493166315871633,-0.3734517513901525,-0.8208328859791503,-0.5389091875508623,2.156108309982645,0.4315361621233152,1.5971762519363009,0.3949849340647617,388306.5321124904
2026-01-01,IBJA,,,,,,,,,,133306.0,3,1,1,1,1,1,1,0,311,0,133147.0,134480.5,137471.0,136631.0,133777.0,128565.5,135032.83333333334,135664.2142857143,133730.14285714287,129791.23333333334,-0.9915935767639161,-3.4712002029941624,0.8028829592729103,1.394683848404309,1.226702643330781,0.998863660195236,,,,,,,,,,,
2026-01-02,IBJA,4350.60009765625,4350.60009765625,4314.39990234375,4314.39990234375,589.0,89.96189880371094,90.3147964477539,89.83650207519531,89.96189880371094,134598.5,4,2,1,1,2,1,0,0,310,0,133306.0,133147.0,134480.5,137935.0,136208.0,131639.5,133644.5,135596.92857142858,134068.75,130112.56666666667,0.1194168850969124,-3.02972990667123,-0.352078458927918,1.2999637286189158,1.2261130096281283,0.9708257169093684,,,-1.274574816773022,0.06885125337201536,-3.7565786936918366,0.399538101122876,,,,,388131.6074133888
2026-01-05,IBJA,4386.7001953125,4443.5,4384.7998046875,4436.89990234375,618.0,90.00700378417969,90.30829620361328,90.00700378417969,90.00700378417969,135944.5,0,5,1,1,5,2,0,0,307,0,134598.5,133306.0,133147.0,137471.0,136631.0,133345.5,133683.83333333334,135367.0,134280.10714285713,130508.48333333334,0.9695737626213452,0.08774506341067134,-1.1816486549982352,1.1255779933698309,1.0876401322806761,0.9595991627758491,2.8393288237711367,0.05013787066363573,2.573048875872863,0.2646806481756414,-0.9753201437316172,0.5576126585293162,,,,,399352.0663002804
2026-01-06,IBJA,4449.7001953125,4482.2001953125,4449.0,4482.2001953125,459.0,90.23290252685548,90.25700378417967,90.05999755859375,90.23300170898438,136784.5,1,6,1,1,6,2,0,0,306,0,135944.5,134598.5,133306.0,134480.5,137935.0,131956.5,134616.33333333334,135268.92857142858,134465.75,130951.71666666666,1.000011144254942,2.1010612330732092,-0.5024481998960661,1.2016409422000627,1.0666284895793814,0.9648990646134605,1.0209897443217208,0.2510892656160335,,,-1.0355236433838177,0.1410541134178711,,,,,404442.3778836429
2026-01-07,IBJA,4450.0,4450.0,4449.2998046875,4449.2998046875,972.0,90.14739990234376,90.21800231933594,89.74700164794922,90.16609954833984,136645.0,2,7,1,1,7,2,0,0,305,0,136784.5,135944.5,134598.5,133147.0,137471.0,132515.0,135775.83333333334,135104.57142857142,134810.60714285713,131405.11666666667,0.6178992162242603,2.6094099290354444,-0.8340885199550563,1.1600415248818385,1.015819419405758,0.9660401184473529,-0.734023229471259,-0.07414378262655674,3.1267361718246622,0.2269858099309907,2.8716030664481806,0.3749329248437183,,,,,401176.00910986215
2026-01-08,IBJA,4460.2001953125,4461.2998046875,4418.0,4449.7001953125,2423.0,89.83799743652344,90.12329864501952,89.72899627685547,89.8644027709961,135608.0,3,8,1,1,8,2,0,0,304,0,136645.0,136784.5,135944.5,133306.0,134480.5,132464.0,136458.0,134986.57142857142,135105.60714285713,131785.6,-0.10198523955564642,1.5204478504589503,-0.6008539982978234,1.1559203970372285,1.0190922644299265,0.9369135579869456,0.008998958096251286,-0.3346011182196129,0.2884963206401858,-0.15843324095703437,1.8214708102210375,-0.0395981693866454,,,,,399869.6505617425
2026-01-09,IBJA,4473.0,4490.2998046875,4473.0,4490.2998046875,237.0,89.90540313720703,90.36399841308594,89.81610107421875,89.90540313720703,137158.5,4,9,1,1,9,2,0,0,303,0,135608.0,136645.0,136784.5,134598.5,133147.0,132086.5,136345.83333333334,135147.64285714287,135330.17857142858,132104.45,-0.7589008013465515,-0.2475274836422181,0.8384115169113748,0.7959746432151525,1.0510684064274902,0.9537114060143407,0.9124122433634918,0.045624702269941864,0.1807061046374292,-0.36305848810604946,3.8075574096757103,0.15150105109908996,,,,,403702.2141473517
2026-01-12,IBJA,4579.10009765625,4620.0,4577.7998046875,4604.2998046875,156.0,90.23600006103516,90.42919921875,90.12049865722656,90.23600006103516,140227.0,0,12,1,1,12,3,0,0,300,0,137158.5,135608.0,136645.0,135944.5,133306.0,133777.0,136470.5,135720.7142857143,135692.4642857143,132477.83333333334,1.143369122765625,0.2734227927871924,3.012835437523931,0.7015635794344278,1.0723194251709374,0.9654225876282193,2.538805980861092,0.3677164133546018,3.483694217159794,0.07752416157009723,,,,,,,415473.5974568054
2026-01-13,IBJA,4578.60009765625,4617.10009765625,4578.60009765625,4589.2001953125,239.0,90.13269805908205,90.44860076904295,90.13269805908205,90.13269805908205,140383.0,1,13,1,1,13,3,0,0,299,0,140227.0,137158.5,135608.0,136784.5,134598.5,136208.0,137664.5,136709.42857142858,136153.17857142858,132931.11666666667,2.2371927368701083,2.621391196165246,5.191814321936006,0.9569392223842893,1.1676271465693138,1.0283670535761589,-0.32794583357990126,-0.11447981058916312,3.135042674267252,0.2985556903656983,6.369374633525915,0.18985732587055715,1.3803981555657214,0.23387571469894605,,,413636.9955367819
2026-01-14,IBJA,4610.2998046875,4635.0,4608.2001953125,4626.2998046875,1313.0,90.27300262451172,90.4468002319336,89.98500061035156,90.27300262451172,142083.5,2,14,1,1,14,3,0,0,298,0,140383.0,140227.0,137158.5,136645.0,135944.5,136631.0,139256.16666666666,137535.7857142857,136451.39285714287,133320.51666666666,0.11124819043408785,3.5211786915226195,4.297596184207109,0.9758681322647254,1.088293321616844,0.9996444315308621,0.808411221913885,0.1556644463674095,3.028750994711471,0.40887363214832106,4.268744089622145,0.2955312688442069,1.085288910194947,0.23893680565260245,,,417629.97441033274
2026-01-16,IBJA,4608.0,4608.0,4588.39990234375,4588.39990234375,352.0,90.36160278320312,90.86299896240234,90.27570343017578,90.36160278320312,141655.0,4,16,1,1,16,3,0,0,296,0,142083.5,140383.0,140227.0,135608.0,136784.5,137935.0,140897.83333333334,138412.7857142857,136840.85714285713,133794.4,1.2113290070735028,3.5907362649781005,4.515813438572369,0.9931681746654035,1.1201321185396549,0.9968070733665926,-0.8192271133260487,0.09814690562575112,-0.34532725969674827,0.1391935835841629,2.3693655437861505,0.14252110844490407,1.1856679849734237,0.2231452183220908,,,414615.16938607395
2026-05-08,IBJA,4714.39990234375,4724.7998046875,4713.60009765625,4720.39990234375,120.0,94.25299835205078,94.74040222167967,94.25299835205078,94.25299835205078,151109.0,4,8,5,2,128,19,0,0,184,0,141655.0,142083.5,140383.0,137158.5,136645.0,137471.0,141373.83333333334,139108.57142857142,137106.57142857142,134236.83333333334,-0.3015832239492977,1.0183488201273683,3.5607104606150575,1.0550194460934357,1.1127301691606521,1.003956937337985,2.8768198676966783,4.306470280506147,2.858879574816986,4.57137130219698,6.093095757913103,4.532633466661018,1.4051402478808823,1.628773263724902,,,444911.84421662614
2026-05-11,IBJA,4729.5,4729.5,4718.7001953125,4718.7001953125,36.0,94.42530059814452,95.31759643554688,94.18180084228516,94.42530059814452,150319.5,0,11,5,2,131,20,0,0,181,0,151109.0,141655.0,142083.5,140227.0,135608.0,134480.5,144949.16666666666,141174.85714285713,138080.7142857143,135013.8,6.673961385055249,7.64052627454892,10.585092758608061,2.509847551214033,2.0431151768197804,1.5213565059645309,-0.03600769143322635,0.18280823857736994,1.9972849691102468,4.599711821821395,6.045351106651542,5.075310897876983,1.409761976205944,1.5880680992739915,,,445564.68437490606
2026-05-12,IBJA,4762.2001953125,4765.2001953125,4677.60009765625,4677.60009765625,93.0,95.3914031982422,95.85910034179688,95.26609802246094,95.3914031982422,151793.0,1,12,5,2,132,20,0,0,180,0,150319.5,151109.0,141655.0,140383.0,137158.5,133147.0,147694.5,143276.5,139212.07142857142,135738.28333333333,-0.5224705345148184,5.796591440948462,10.84854875818535,2.476158477746967,1.9076451070366673,1.5343402490213485,-0.8710046401565918,1.0231395547356747,1.9440370763441184,5.566302788040023,4.171220210579785,6.101969258357975,1.5507972271298747,1.5616136574167356,,,446202.83691566443
2026-05-13,IBJA,4722.7001953125,4722.7001953125,4679.5,4697.7001953125,228.0,95.63300323486328,95.8604965209961,93.60430145263672,95.63300323486328,160694.0,2,13,5,2,133,20,0,0,179,0,151793.0,150319.5,151109.0,142083.5,140227.0,133306.0,151073.83333333334,145367.14285714287,140543.92857142858,136515.58333333334,0.9802454106087266,7.156824679679508,10.669772562400425,2.480920363221637,1.8354404647373186,1.5318490347550857,0.42970962110080446,0.2532723374652379,-0.48088525338667587,1.4641495835049811,2.028547110027712,5.980986712817082,1.293974851930578,1.5682107688508682,,,449255.1779747382
2026-05-14,IBJA,4678.10009765625,4678.10009765625,4650.2998046875,4678.10009765625,5.0,95.69580078125,95.94580078125,95.44049835205078,95.69580078125,161254.0,3,14,5,2,134,20,0,0,178,0,160694.0,151793.0,150319.5,141655.0,140383.0,134598.5,154268.83333333334,148291.0,142500.2142857143,137615.66666666666,5.863906767769267,6.343103322767019,14.595619959066376,2.9906821598552966,2.2331314285541284,1.793736427715103,-0.41722751221560106,0.0656651409686404,-0.8604085018281471,1.3455082219038683,1.9371545925269018,6.172124924654243,1.3015493973088388,1.5512548119553375,1.327518708195661,1.151846722033539,447674.53498005867
2026-05-15,IBJA,4615.2001953125,4615.2001953125,4524.2998046875,4555.7998046875,607.0,95.70989990234376,96.11499786376952,95.39700317382812,95.70989990234376,158184.5,4,15,5,2,135,20,0,0,177,0,161254.0,160694.0,151793.0,151109.0,142083.5,135944.5,157913.66666666666,151272.57142857142,144404.17857142858,138726.16666666666,0.3484884314286729,7.274172678860702,14.867184773085063,2.9669293224670734,2.247733770871299,1.7922022788720373,-2.614315436089598,0.01473327040335537,-2.6039056444730924,0.333884074898938,-1.5238960503287657,6.022727858567722,1.663313418986238,1.5629311599616236,1.4134068923230174,1.1528266394129099,436035.1432817579
2026-05-18,IBJA,4563.0,4570.2998046875,4538.7001953125,4552.5,38.0,95.97129821777344,96.60189819335938,95.66200256347656,95.97029876708984,157780.0,0,18,5,2,138,21,0,0,174,0,158184.5,161254.0,160694.0,150319.5,141655.0,136784.5,160044.16666666666,153572.7142857143,145992.75,139713.46666666667,-1.9035186724050246,4.210668476148438,11.332068818687603,3.32343632348819,2.407934243063797,1.8580602326080786,-0.0724308536144358,0.27207098221999626,-3.0908782867281492,0.35269783528413257,-0.782405699324773,6.2069461044678365,1.64132896383862,1.5503336636110212,1.394534861212531,1.1525676594724126,436904.7851371765
2026-05-19,IBJA,4551.7001953125,4552.60009765625,4506.2001953125,4506.2998046875,875.0,96.27020263671876,97.0541000366211,96.1676025390625,96.27020263671876,158992.0,1,19,5,2,139,21,0,0,173,0,157780.0,158184.5,161254.0,151793.0,151109.0,136645.0,159072.83333333334,155876.2857142857,147492.42857142858,140584.81666666668,-0.2557140554226289,-1.8133844449699454,11.38329038862025,3.319124592256757,2.4329753634628855,1.838207170210918,-1.014831308347064,0.3124965468292995,-3.672437301092013,0.6002372630558694,-4.5356347361575455,2.140201712345946,0.9975557572834143,0.33565626249837954,1.4097034780335698,1.143710405059155,433822.3953390718
2026-05-20,IBJA,4502.60009765625,4531.2998046875,4465.10009765625,4531.2998046875,981.0,96.56580352783205,97.04219818115234,96.3751983642578,96.56580352783205,158258.0,2,20,5,2,140,21,0,0,172,0,158992.0,157780.0,158184.5,160694.0,150319.5,135608.0,158318.83333333334,157002.42857142858,149088.64285714287,141439.7,0.7681581949549932,-1.402755900628827,5.21676405773317,2.4507916771854945,2.412258802935431,1.8340504538035716,0.5547788891896444,0.30705335920893084,-0.5377760448295299,0.8942686455231774,-3.9714409237349146,2.2668743611387487,1.0803650709150696,0.33147216176767164,1.4145270332378712,1.121414473737145,437568.60666515684
2026-05-21,IBJA,4507.2001953125,4539.7998046875,4503.7998046875,4539.7998046875,426.0,96.5282974243164,96.85150146484376,93.18800354003906,96.5282974243164,158742.5,3,21,5,2,141,21,0,0,171,0,158258.0,158992.0,157780.0,161254.0,151793.0,137158.5,158343.33333333334,158136.5,150706.5,142316.41666666666,-0.46165844822381175,0.0464647294772913,5.281084623086163,2.445614448037476,2.395758212334161,1.8191019596663593,0.18758414508805998,-0.038839943484580974,-0.2789718904448124,0.5814284881833887,-2.945961392419927,1.1918204240181973,1.1053663689690252,0.15002638668505203,1.3972058983732474,1.12439047866067,438219.14579372853
2026-05-22,IBJA,4519.5,4530.2998046875,4519.10009765625,4521.0,40.0,96.17389678955078,96.49929809570312,95.44889831542967,96.17389678955078,158235.5,4,22,5,2,142,21,0,0,170,0,158742.5,158258.0,158992.0,158184.5,160694.0,140227.0,158664.16666666666,159129.2857142857,152248.2142857143,143190.66666666666,0.30614566088287276,0.6100266193433956,4.578274360477752,2.4488968372516897,2.405966330866357,1.8196714528141034,-0.41411087484714004,-0.3671468825434232,0.32621432105357506,-0.10003702550767102,-3.7614191618446924,0.5655929819114114,1.0412888613934352,0.24529656766900002,1.2088608211593475,1.1486711483332204,434802.1873855591
2026-05-25,IBJA,,,,,,95.71949768066406,95.85350036621094,85.86289978027344,95.71949768066406,158739.5,0,25,5,2,145,22,0,0,167,0,158235.5,158742.5,158258.0,157780.0,161254.0,140383.0,158412.0,158778.07142857142,153534.5357142857,144049.71666666667,-0.3193851678031989,-0.47581010365301823,-1.5299264440489346,0.8641160588235899,2.408025192913763,1.823890903941707,,-0.4724765493084315,,-0.8764032568983504,,0.024762736944161645,,0.3229044962140926,,1.1663456918079917,
2026-05-26,IBJA,4572.7998046875,4572.7998046875,4500.39990234375,4500.39990234375,1261.0,95.25279998779295,95.78600311279295,95.19229888916016,95.25279998779295,157666.5,1,26,5,2,146,22,0,0,166,0,158739.5,158235.5,158742.5,158992.0,158184.5,142083.5,158572.5,158418.85714285713,154845.7142857143,144938.15,0.31851259673081334,0.3042500221157818,-1.5593411636300458,0.8609162341009918,2.40348344961138,1.8169946510093196,,-0.48756805476360965,-0.867877528499561,-1.3213715258196812,-1.216030219035269,-0.4775889589448967,,0.37217118690865314,,1.1906810706968407,428675.69176303217
2026-05-27,IBJA,4439.7001953125,4447.5,4439.7001953125,4447.5,81062.0,96.06210327148438,96.17780303955078,95.4915008544922,95.90499877929688,156556.0,2,27,5,2,147,22,0,0,165,0,157666.5,158739.5,158235.5,158258.0,157780.0,141655.0,158213.83333333334,158344.85714285713,155958.7857142857,145734.46666666667,-0.6759502203295353,-0.6778272989275136,-0.3274657125066027,0.517696434797,2.4378189140797217,1.8279317436057223,-1.1754489265765167,0.6847030130216591,-1.6257465162574647,-0.27959562753531175,-2.3064250411861664,-0.06804187194565658,,0.4577974295689561,,1.189914406868112,426537.48207092285
2026-05-29,IBJA,4494.0,4591.7998046875,4487.89990234375,4560.5,1883.0,96.04820251464844,96.19529724121094,94.53050231933594,96.04820251464844,156753.0,4,29,5,2,149,22,0,0,163,0,156556.0,157666.5,158739.5,158742.5,158992.0,151109.0,157654.0,158170.0,157023.14285714287,146412.73333333334,-0.7043347825949065,-1.0613926710504318,-0.7757637216377233,0.5728584837107122,2.4537966140694016,1.8263348453188575,2.5407532321529036,0.14931832247984111,,0.3434042613564392,1.202764965973202,-0.23060107488093173,,0.44261131430147455,,0.41561779582997127,438027.8275680542
2026-06-01,IBJA,4523.5,4541.39990234375,4449.7001953125,4475.2001953125,835.0,95.00299835205078,95.25420379638672,94.572998046875,95.00299835205078,155567.5,0,1,6,2,152,23,1,0,160,0,156753.0,156556.0,157666.5,158235.5,158258.0,150319.5,156991.83333333334,157850.14285714287,157426.2857142857,147083.46666666667,0.12583356754132247,-1.2514213538533214,-1.4082469558216792,0.4462416436444837,1.7635163368788398,1.8272399520657745,-1.8704046636881966,-1.0882079364663233,-0.5599437289589781,-0.2622512259736087,-1.238046736986298,-1.6183836499955584,,0.5623696223659221,,0.5281194672615593,425157.4367803708
2026-06-02,IBJA,4488.0,4529.5,4474.2001953125,4489.10009765625,456.0,95.55139923095705,95.5824966430664,94.93419647216795,95.55139923095705,156295.0,1,2,6,2,153,23,0,0,159,0,155567.5,156753.0,156556.0,158739.5,158742.5,151793.0,156292.16666666666,157465.7857142857,157801.14285714287,147671.21666666667,-0.7562853661492897,-1.3312910478763706,-1.700072034273148,0.48690603870918653,1.7727458817025603,1.8384121729972474,0.3105984478260826,0.5772458642558487,0.9353591378583381,-0.3686977246655898,-1.1167828805777047,-1.0120329679753293,,0.6403432402332768,,0.47539825979845346,428939.7956188806
2026-06-03,IBJA,4471.2001953125,4471.7001953125,4427.2001953125,4436.7001953125,2913.0,95.26300048828124,95.98600006103516,95.26300048828124,95.26300048828124,155150.0,2,3,6,2,154,23,0,0,158,0,156295.0,155567.5,156753.0,157666.5,158235.5,160694.0,156205.16666666666,157116.14285714287,158122.7142857143,148298.68333333332,0.46764266315264535,-0.16671350826541476,-1.541805124651563,0.5199995269569105,1.761977690595251,1.8328925571358687,-1.1672696354244283,-0.30182576602433286,-2.7146103428900337,-0.8175082987601501,-1.864627398529084,-0.9471346505411815,,0.6370072603403267,,0.47696523067556645,422653.37287241215
2026-06-04,IBJA,4447.39990234375,4509.89990234375,4447.39990234375,4475.7998046875,480.0,96.16449737548828,96.1707992553711,95.59200286865234,96.16449737548828,155833.5,3,4,6,2,155,23,0,0,157,0,155150.0,156295.0,155567.5,156556.0,158739.5,161254.0,155670.83333333334,156675.35714285713,157726.7142857143,148987.66666666666,-0.7325890143638603,-1.022627956083777,-1.9499417008193465,0.5553389012884233,0.6985917715774647,1.7799446000905579,0.8812767970283408,0.9463242629208946,0.01339849277866012,1.2225919640276528,,0.4648997389317788,,0.7302923633736211,,0.5435046549344198,430413.03857108206
2026-06-05,IBJA,4472.2998046875,4472.2998046875,4319.10009765625,4337.10009765625,4062.0,95.79029846191406,95.8939971923828,94.86979675292967,95.79029846191406,154214.0,4,5,6,2,156,23,0,0,156,0,155833.5,155150.0,156295.0,156753.0,157666.5,158184.5,155759.5,156260.2142857143,157339.5357142857,149743.88333333333,0.4405414115372208,0.17098687065100204,-1.8306722649372054,0.5786686485859512,0.7050431787663703,1.7578345991496607,-3.0988809393572514,-0.38912376582503905,-3.385979298598374,0.2500216981433878,-3.6285620885036396,0.5642862720990793,1.8860870728863282,0.7186528141049889,,0.5553250479814569,415452.1128136888
2026-06-08,IBJA,4324.2001953125,4340.89990234375,4284.60009765625,4335.89990234375,357.0,94.95030212402344,95.90370178222656,94.95030212402344,94.95030212402344,151128.5,0,8,6,2,159,24,0,0,153,0,154214.0,155833.5,155150.0,155567.5,156556.0,157780.0,155065.83333333334,155767.0,157055.92857142858,150440.81666666668,-1.039250225400823,-1.3314565405163292,-2.189748614956255,0.6354701374897206,0.573991377067807,1.7799901746768119,-0.027672760265518015,-0.8769117033543883,-2.2719653916495997,-0.32824744408115336,-2.509277069280491,-0.9954607866378806,1.8685395369883788,0.7425892829605576,,0.5965764862956773,411695.0057070628
2026-06-09,IBJA,4332.7998046875,4344.5,4240.2001953125,4260.0,1292.0,95.68830108642578,95.68890380859376,95.17739868164062,95.68830108642578,152278.5,1,9,6,2,160,24,0,0,152,0,151128.5,154214.0,155833.5,156295.0,156753.0,158992.0,153725.33333333334,154991.64285714287,156580.82142857142,150991.81666666668,-2.0007911084596763,-2.59200773445053,-3.4668105981246367,0.9014394970858711,0.7532239166419058,1.8348346453774669,-1.7504994131142815,0.7772476189052746,-4.82148027401702,-0.4951892871681296,-6.589189781822169,-0.37470917601791776,1.4109956252610865,0.8175689495820239,,0.6316739177703904,407632.1626281738
2026-06-19,IBJA,,,,,,94.3397979736328,94.59310150146484,94.11820220947266,94.33989715576172,144955.5,4,19,6,2,170,25,0,0,142,0,152278.5,151128.5,154214.0,155150.0,155567.5,158258.0,152540.33333333334,154352.42857142858,156101.2857142857,151536.28333333333,0.7609418475006402,-2.281280982587186,-2.8544908231421418,1.0012755763235066,0.7524354343070488,1.8326687130051424,,-1.409162787252527,,-1.514142172475863,,-0.6979792299100063,,0.891138234835023,,0.7192932338339887,
2026-06-22,IBJA,4138.7998046875,4216.39990234375,4134.7998046875,4181.89990234375,1197.0,94.3302993774414,94.777099609375,94.17649841308594,94.3302993774414,146987.0,0,22,6,2,173,26,0,0,139,0,144955.5,152278.5,151128.5,155833.5,156295.0,158742.5,149454.16666666666,152836.42857142858,155151.10714285713,151808.65,-4.808952018833912,-6.0036702244932405,-6.8214762080768825,1.9541282556071247,1.4215591398529432,2.063208494549537,,-0.010173615415820514,-3.5517425094789723,-0.6529760650705319,-6.843246722720409,-1.2779507818238445,,0.8434917326772047,,0.7197177004563522,394479.8697545789
2026-06-23,IBJA,4127.10009765625,4135.2001953125,4118.5,4129.89990234375,252.0,94.70059967041016,94.8853988647461,94.3927001953125,94.70059967041016,144891.5,1,23,6,2,174,26,0,0,138,0,146987.0,144955.5,152278.5,154214.0,155150.0,158235.5,148073.66666666666,151506.7142857143,154311.42857142858,152153.38333333333,1.4014645874078635,-2.7403831838468617,-5.955404843405098,2.0966969529751887,1.5039425088563503,2.07350707487509,-1.2434539614603501,0.39255710563057544,-3.053992902728875,-1.0322070773558067,-6.915055772596334,-0.5903664749046689,,0.8673415504658378,,0.7316006398807094,391103.99733072147
2026-06-24,IBJA,4104.39990234375,4104.7001953125,3963.300048828125,3990.300048828125,353.0,95.18370056152344,95.18379974365234,94.22750091552734,95.18370056152344,143034.0,2,24,6,2,175,26,0,0,137,0,144891.5,146987.0,144955.5,151128.5,155833.5,158739.5,145611.33333333334,150041.2142857143,153358.2857142857,152462.83333333334,-1.4256362807595235,-4.850980276270123,-6.611988398324198,2.10634415053762,1.5205802863434976,2.0883679171705,-3.3802236571496835,0.5101349862562943,,0.8944290074522243,-10.847217861507385,-1.0199157077015464,,0.7937541544416615,,0.7409890034620813,379811.5249982886
2026-06-25,IBJA,3988.39990234375,4030.5,3986.699951171875,4030.5,2724.0,94.4406967163086,94.5291976928711,93.91510009765624,94.4406967163086,139947.5,3,25,6,2,176,26,0,0,136,0,143034.0,144891.5,146987.0,152278.5,154214.0,157666.5,144970.83333333334,148212.7142857143,152236.4642857143,152658.68333333332,-1.2819937677503557,-1.3255792294876723,-8.213574103129307,2.0150344258427513,1.5049735198140481,2.0991761102533877,1.0074418133964924,-0.7805998724903396,-3.6203616987316667,0.11703274514740514,-7.069241907096757,-1.4089127680733449,,0.8270269578118373,,0.7586083099794901,380643.2281150818
2026-06-29,IBJA,4057.5,4070.0,4003.199951171875,4022.300048828125,785.0,94.36029815673828,94.6999969482422,94.2322006225586,94.36029815673828,141666.0,0,29,6,2,180,27,0,0,132,0,139947.5,143034.0,144891.5,144955.5,151128.5,156556.0,142624.33333333334,146174.64285714287,150970.82142857142,152649.36666666667,-2.157878546359604,-4.789199044813486,-9.25110560649487,2.0443809257084937,1.5522033524584953,2.102634507674811,-0.2034474921690843,-0.08513126476801247,-2.605386475700322,-0.3593446238526865,-7.232635913622221,-0.621381874608995,,0.7712077129250996,,0.7278741403394445,379545.4318832848
2026-06-30,IBJA,4002.60009765625,4049.699951171875,3962.5,4022.89990234375,1108.0,94.79049682617188,94.8979034423828,94.46530151367188,94.79049682617188,140834.0,1,30,6,2,181,27,0,1,131,0,141666.0,139947.5,143034.0,146987.0,152278.5,156753.0,141549.16666666666,144822.85714285713,149907.25,152692.13333333333,1.2279604851819448,-2.226148531832439,-6.261228027804155,2.231144094076189,1.6478253594778633,2.114261773752627,0.014913196637333925,0.4559106720063655,0.8169774983512568,-0.41309986166949697,-5.565729991930746,-0.9382591707245425,,0.7190271800711815,,0.7408841125729799,381332.6804251224
2026-07-01,IBJA,4013.10009765625,4100.0,3963.0,4068.300048828125,770.0,94.91799926757812,95.26390075683594,94.53119659423828,94.91799926757812,140533.0,2,1,7,3,182,27,1,0,130,0,140834.0,141666.0,139947.5,144891.5,144955.5,155567.5,140815.83333333334,143187.92857142858,148770.17857142858,152650.48333333334,-0.5872968813970925,-1.5380958373533593,-7.515506128573635,2.1194939756710696,1.631322851163813,2.1057250551196542,1.1285427822333993,0.13450973006299272,0.9378501135870243,0.5053992270972918,,0.6127864554080542,,0.4476889579636748,,0.6842632654029293,386154.901054956
2026-07-02,IBJA,4067.5,4140.10009765625,4062.0,4112.7001953125,228.0,95.4175033569336,95.47339630126952,94.88480377197266,95.4175033569336,143171.5,3,2,7,3,183,27,0,0,129,0,140533.0,140834.0,141666.0,143034.0,146987.0,156295.0,141011.0,142556.14285714287,147696.2857142857,152613.08333333334,-0.21372679892639468,0.41837117490488573,-3.050936321836706,1.346430849510607,1.6375802414483078,2.1053642866883684,1.0913685311181531,0.5262480174569983,2.2474739673066457,1.1203919665866646,-1.6547432661519923,1.152550120870477,1.639843019017867,0.47323068738905955,,0.681057966733566,392423.5846922919
2026-07-03,IBJA,,,,,,95.527099609375,95.60970306396484,95.05760192871094,95.527099609375,146225.5,4,3,7,3,184,27,0,0,128,0,143171.5,140533.0,140834.0,139947.5,144891.5,155150.0,141512.83333333334,142011.07142857142,146758.89285714287,152348.5,1.877494965595261,1.0627108833453303,-2.5958077925258727,1.4616680744767114,1.7547722702219573,1.729144087863665,,0.1148596940662383,,0.7770850537411222,,0.8727504808220266,,0.46247346161305297,,0.6763112133886797,
2026-07-06,IBJA,4175.39990234375,4199.7001953125,4134.2001953125,4155.10009765625,1024.0,95.2147979736328,95.67440032958984,95.12689971923828,95.2147979736328,145547.5,0,6,7,3,187,28,0,0,125,0,146225.5,143171.5,140533.0,141666.0,143034.0,155833.5,143310.0,142201.64285714287,146121.42857142858,152212.03333333333,2.1331061000268825,3.8282659016998677,0.9206889293022602,1.63968338449645,1.9004621478905783,1.7775269837986734,,-0.3269246496745426,2.1335704787341703,0.3126895934858265,4.130016460203878,0.03267094253103231,,0.45448221231601466,,0.6261909529509511,395627.01635856176
2026-07-07,IBJA,4126.5,4167.2001953125,4107.2001953125,4145.2998046875,53.0,95.60350036621094,95.67919921875,94.79869842529295,95.60350036621094,144112.0,1,7,7,3,188,28,0,0,124,0,145547.5,146225.5,143171.5,140834.0,139947.5,154214.0,144981.5,142560.7142857143,145386.7142857143,152003.85,-0.46366741778964826,3.5682010630954997,1.7572744941762197,1.5477899250946334,1.8848059712210097,1.7674376396910942,-0.2358617780177652,0.4082373757551716,0.7926570823751256,0.19492965413439034,2.8482770050241912,1.2312527229604298,,0.3113244682679084,,0.6310810799033251,396305.17139549553
2026-07-08,IBJA,4116.2998046875,4120.2998046875,4053.0,4070.89990234375,292.0,95.59339904785156,95.80339813232422,94.99169921875,95.59339904785156,143305.0,2,8,7,3,189,28,0,0,123,0,144112.0,145547.5,146225.5,140533.0,141666.0,151128.5,145295.0,143155.64285714287,144665.14285714287,151451.11666666667,-0.9862759580205771,0.6569044816880476,2.9757587666803698,1.2836301040076388,1.8836277866901785,1.3633450245522296,-1.7948014823829794,-0.010565845728116585,,0.06940380137958613,1.208260272124262,1.3068005455695086,,0.30206289179653095,,0.5801783782343014,389151.15884860605
2026-07-09,IBJA,4066.39990234375,4130.60009765625,4064.199951171875,4130.60009765625,13.0,95.86180114746094,95.86180114746094,95.29840087890624,95.86180114746094,143514.0,3,9,7,3,190,28,0,0,122,0,143305.0,144112.0,145547.5,143171.5,140834.0,152278.5,144321.5,143389.7857142857,144106.32142857142,150852.81666666668,-0.5599811257910536,-1.997257660257612,1.15694662092527,1.2755023233085803,1.8319792260901726,1.3572957763264657,1.466511010946947,0.28077472114473867,-0.5896368179871159,0.67951955746135,2.6771781035305864,1.1301811438478193,,0.2826111523818099,,0.546488777987963,395966.76518120617
2026-07-10,IBJA,4122.2998046875,4125.7998046875,4090.60009765625,4104.10009765625,389.0,95.39019775390624,95.6855010986328,95.14550018310548,95.39019775390624,143591.5,4,10,7,3,191,28,0,0,121,0,143514.0,143305.0,144112.0,146225.5,140533.0,144955.5,143643.66666666666,143772.64285714287,143480.2857142857,150363.8,0.14584278287568253,-1.3971383912468438,1.9029495718363432,1.2321874361220597,1.810192487662492,1.3294455486872194,-0.6415532700693172,-0.4919617490070416,-0.993889681625959,-0.22311171817730457,0.8799756261448133,0.49748044625019805,,0.37612718032548687,,0.3973326903220846,391490.9199172556
2026-07-13,IBJA,4081.0,4081.0,3985.89990234375,3997.0,679.0,95.3249969482422,96.10469818115234,94.99040222167967,95.3249969482422,142238.5,0,13,7,3,194,29,0,0,118,0,143591.5,143514.0,143305.0,145547.5,143171.5,146987.0,143470.16666666666,144209.57142857142,143382.85714285713,149890.85,0.054001700182571,-0.36117741756411803,2.176357154547337,1.218528193912543,1.2933440279837287,1.3311253724596979,-2.6095878538004547,-0.06835168308618744,-1.815321037523021,-0.28077472114471647,-2.8132416616307387,-0.09694909784565553,,0.3191431662260247,,0.39864867772554313,381014.0128021241
2026-07-14,IBJA,3995.699951171875,4091.199951171875,3986.5,4061.10009765625,1281.0,96.29879760742188,96.4228973388672,95.74700164794922,96.29889678955078,141797.0,1,14,7,3,195,29,0,0,117,0,142238.5,143591.5,143514.0,144112.0,146225.5,144891.5,143114.66666666666,144076.2857142857,143043.67857142858,149332.4,-0.9422563313288057,-0.7442168800809501,-0.6516660089473159,1.0730566554749421,1.2402507641838483,1.3201630662640562,1.603705220321494,1.0216625989900363,-1.682564236596884,0.45596435374448685,,0.8079353223658714,,0.5080325149228363,,0.46675281586281964,391079.4591562338
2026-07-15,IBJA,4049.10009765625,4070.10009765625,4019.39990234375,4044.0,374.0,96.42530059814452,96.54090118408205,96.04239654541016,96.42530059814452,141839.0,2,15,7,3,196,29,0,0,116,0,141797.0,142238.5,143591.5,143305.0,145547.5,143034.0,142542.33333333334,143443.64285714287,142822.64285714287,148783.7,-0.3103941619181816,-1.1963989575929923,-3.028541533453466,0.4415199082234578,1.1922389511156826,1.320057964534773,-0.42107057804654513,0.1312619487946698,-1.4643916139026825,1.0851249589697964,-2.673824818779158,1.2713387522461872,1.5496333161647622,0.46949053912823174,,0.45321936065789625,389943.9156188964
2026-07-16,IBJA,4030.5,4030.5,3972.60009765625,3985.60009765625,812.0,96.49859619140624,96.6999969482422,96.10230255126952,96.49859619140624,141696.0,3,16,7,3,197,29,0,0,115,0,141839.0,141797.0,142238.5,143514.0,144112.0,139947.5,141958.16666666666,142913.85714285713,142737.2857142857,148220.25,0.02961980859961244,-1.2204761423900479,-2.5479654408354646,0.47476764329843096,1.1469043644995582,1.3162283380753865,-1.444112323040303,0.07601282319791292,-0.28521146719414636,1.2311558150914559,-3.852549020716467,0.9362584233491678,1.5979479303573088,0.4594437247996735,,0.37764752222684683,384604.8144041597
2026-07-17,IBJA,3975.5,4017.199951171875,3964.199951171875,4012.699951171875,141.0,96.6521987915039,96.65550231933594,96.20159912109376,96.6521987915039,141211.5,4,17,7,3,198,29,0,0,114,0,141696.0,141839.0,141797.0,143591.5,143305.0,141666.0,141777.33333333334,142568.7142857143,142862.17857142858,147668.93333333332,-0.10081853368960614,-0.38140165988814756,-1.676473853669369,0.3932520224069823,0.9755847735556832,1.3171005728284957,0.6799441201228662,0.1591759944289839,-1.1917989047427802,0.36688063283343286,-1.4296581239535588,1.107607590271309,1.5493288954446827,0.4549925518038415,,0.37130137707546873,387836.2733713221
2026-07-20,IBJA,4003.39990234375,4018.89990234375,4002.699951171875,4010.300048828125,231.0,96.28479766845705,96.75450134277344,96.2165985107422,96.28479766845705,142084.5,0,20,7,3,201,30,0,0,111,0,141211.5,141696.0,141839.0,142238.5,143514.0,140834.0,141582.16666666666,142269.64285714287,142829.7142857143,147084.66666666666,-0.3419292005420016,-0.41291423654943316,-1.460870172010742,0.3717841003677002,0.9239673148229929,1.3108934481029972,-0.05980766997166764,-0.3801270200168072,-0.8333321259118454,-0.14571168439808657,-2.9124109326483683,0.4412565964053039,1.3739762162632176,0.49239276837649215,,0.38897250653374305,386130.9287912194
2026-07-21,IBJA,4002.10009765625,4071.10009765625,3999.699951171875,4071.10009765625,87.0,96.4896011352539,96.56279754638672,96.0947036743164,96.4896011352539,143270.5,1,21,7,3,202,30,0,0,110,0,142084.5,141211.5,141696.0,141797.0,143591.5,140533.0,141664.0,142065.42857142858,142919.0357142857,146565.26666666666,0.6182216037645683,0.17308356657901314,-0.9960700698189773,0.4754368643207218,0.9231066223056722,1.3220939882230809,1.5160972517727744,0.21270592217690343,2.145222749524689,-0.009321437313436487,-0.8040739556729015,1.1525328673539281,1.545525379143386,0.4275615008179269,,0.38987345874365276,392818.8246045448
2026-07-22,IBJA,4096.2001953125,4152.10009765625,4096.2001953125,4146.89990234375,133.0,96.34089660644533,96.81189727783205,96.24030303955078,96.34089660644533,145361.5,2,22,7,3,203,30,0,0,109,0,143270.5,142084.5,141211.5,141839.0,142238.5,143171.5,142188.83333333334,142019.57142857142,143114.57142857142,146122.41666666666,0.8347145536634848,1.1111816847335199,-0.22355083692280342,0.6034102343306336,0.9409288477273231,1.3371516505637695,1.861899802737299,-0.15411456473960472,3.3443804123127308,-0.3220849488692057,3.750310291312231,1.0657222037517844,1.2295729139994456,0.436485624186264,,0.3772808743513433,399516.05472897744
2026-07-23,IBJA,4129.89990234375,4130.89990234375,4046.60009765625,4046.60009765625,59.0,96.55709838867188,96.86910247802734,96.45980072021484,96.55709838867188,145081.0,3,23,7,3,204,30,0,0,108,0,145361.5,143270.5,142084.5,141696.0,141797.0,146225.5,143572.16666666666,142465.7142857143,143271.0,145742.7,1.4594770032909876,2.938854130152291,2.195608080793887,0.6768625952579419,0.8866885062562693,1.3730177518903999,-2.418669537473339,0.22441329678479782,0.9051703958842694,0.2828075945617625,-0.3570461119234203,0.26812518910301897,1.5455410969339711,0.2242896535561951,,0.3794246702958359,390727.96376900375
2026-07-24,IBJA,4067.60009765625,4068.0,4067.60009765625,4067.60009765625,2.0,96.87689971923828,96.9019012451172,96.21179962158205,96.87689971923828,143269.0,4,24,7,3,205,30,0,0,107,0,145081.0,145361.5,143270.5,141211.5,141839.0,145547.5,144571.0,142934.85714285713,143189.25,145393.15,-0.19296718869852292,2.1089562900949765,2.3159869390748655,0.6600935839193292,0.6704205888628685,1.3695889490017958,0.5189541712353307,0.33120437119922297,-0.08597184829758353,0.40138893666010755,0.5835830280971788,0.4683409004611949,1.5478317866282474,0.24940093849898687,1.5077901282379003,0.3660235235046748,394056.4867586084
2026-07-27,IBJA,4090.10009765625,4107.89990234375,4072.699951171875,4074.5,36.0,96.56729888916016,96.56759643554688,95.75779724121094,96.56729888916016,144499.0,0,27,7,3,208,31,0,0,104,0,143269.0,145081.0,145361.5,142084.5,141696.0,144112.0,144570.5,143139.14285714287,143026.5,144958.95,-1.2489574789255609,-0.001046970590601326,1.0081853368960614,0.892780070524866,0.7368869062066721,1.3755776875400951,0.16963079403320425,-0.3195816866305434,-1.7458801526130663,0.2350012203433005,2.230527402787552,0.07119554114305426,1.3930966332358166,0.2887453658012171,1.5097275408756847,0.37419025589092825,393463.45932388306
2026-07-28,IBJA,4025.699951171875,4036.300048828125,4025.699951171875,4036.300048828125,248.0,95.77410125732422,96.13390350341795,95.50579833984376,95.77410125732422,142425.0,1,28,7,3,209,31,0,0,103,0,144499.0,143269.0,145081.0,143270.5,141211.5,143305.0,144283.0,143539.57142857142,143054.14285714287,144603.91666666666,0.8585248727917438,-0.593348307495456,1.9781786359530207,0.9215981762062503,0.7330949920683033,1.3881579145395948,-0.937537149880352,-0.8213936197453031,-0.2545358715849044,-0.8109161774889406,0.588135119580957,-0.9085127344840904,1.4569009560690351,0.4149047318269883,1.4525414649266213,0.4442050586350747,386573.00958140753
2026-07-29,IBJA,4018.10009765625,4034.699951171875,4017.89990234375,4034.699951171875,89664.0,95.59850311279295,95.8572998046875,95.44080352783205,95.59870147705078,142346.5,2,29,7,3,210,31,0,0,102,0,142425.0,144499.0,143269.0,145361.5,142084.5,143514.0,143397.66666666666,143712.92857142858,142991.2857142857,144156.96666666667,-1.4353040505470593,-1.8307014702131919,0.8593492739614073,1.1172295288688565,0.8188293581022891,1.3992390189963353,-0.039642683568941184,-0.18313905113259699,-0.8088343419829336,-1.3194045700181234,0.608430841749108,-0.7125695935600751,1.4565684944202701,0.40154234599743005,1.385732449222603,0.44009044080745463,385712.07618155144
2026-07-30,IBJA,4060.699951171875,4118.5,4028.5,4100.10009765625,16985.0,95.72859954833984,95.77850341796876,95.34600067138672,95.72859954833984,142892.5,3,30,7,3,211,31,0,0,101,0,142346.5,142425.0,144499.0,145081.0,143270.5,143591.5,143090.16666666666,143750.35714285713,142907.89285714287,143761.38333333333,-0.055116728102511114,-0.6438936545938079,0.1843973128666354,1.0967539630967154,0.8170639336504231,1.3925852832639447,1.6209420099598582,0.13587848922849144,0.6283003474352622,-0.8685127889752509,0.7123381716085841,-0.7886876699255252,1.4740415089704313,0.39247304896580193,1.4552725090561083,0.41967344494341513,392496.84035664424
2026-07-31,IBJA,4102.39990234375,4102.39990234375,4022.39990234375,4049.10009765625,1166.0,95.68479919433594,95.685302734375,95.07749938964844,95.68479919433594,143094.5,4,31,7,3,212,31,0,1,100,0,142892.5,142346.5,142425.0,143269.0,145361.5,142238.5,142554.66666666666,143696.35714285713,142857.9642857143,143486.85,0.3835710748068877,-1.1117723998089968,-0.2638365888302241,1.0541128615245032,0.8251605894129532,1.3572277294112423,-1.2438720710539086,-0.045754721379565044,0.3171233226786807,-0.09324239206207618,-2.3583835392849806,-0.6810165103502852,1.3183058535258685,0.3926899887731916,1.304658142012912,0.4193254878333947,387437.3297620043
2026-08-03,IBJA,4083.39990234375,4083.5,4026.5,4033.699951171875,698.0,95.4021987915039,95.40339660644533,95.04199981689452,95.4021987915039,142710.0,0,3,8,3,215,32,0,0,97,0,143094.5,142892.5,142346.5,144499.0,145081.0,141797.0,142777.83333333334,143372.5,142919.10714285713,143180.71666666667,0.14136501215948893,0.4700719677023013,-1.5595601311213736,0.8388208026984801,0.7829188986323413,1.3471300206958363,-0.38033504020532627,-0.29534513863385126,-0.02478499050987404,-0.20554953415768962,-0.3187897536958695,-1.1960794353193416,0.9561896663161109,0.3703078185416455,1.2346901964406483,0.3135920163120407,384823.8446069788
2026-08-04,IBJA,4050.5,4095.39990234375,4048.800048828125,4095.39990234375,426.0,95.33159637451172,95.42620086669922,94.9832000732422,95.33159637451172,142902.0,1,4,8,3,216,32,0,0,96,0,142710.0,143094.5,142892.5,142425.0,143269.0,141839.0,142899.0,143033.7857142857,142984.32142857142,143105.86666666667,-0.2687035490532508,0.2553627943082448,-1.6342594826338375,0.8388833468717662,0.7815382850243956,1.028681256430071,1.5296118183988794,-0.07400502072963944,-0.11463611132779272,-0.41471741538186,0.6834448819960981,-1.5951205593955353,1.1176276830973249,0.3045156585381075,1.297024593565228,0.30839793705763563,390421.0104824491
2026-08-05,IBJA,4130.0,4262.2001953125,4129.5,4245.7998046875,1349.0,95.09719848632812,95.3823013305664,94.8030014038086,95.09719848632812,145601.5,2,5,8,3,217,32,0,0,95,0,142902.0,142710.0,143094.5,142346.5,144499.0,141696.0,142902.16666666666,142981.35714285713,143060.25,142969.7,0.1345385747319794,0.006648354532257095,-0.256161486434614,0.7128940675220221,0.7818443012678126,0.9925407960703855,3.672410654150715,-0.24587639051250054,4.857862297479532,-0.6141003722173188,4.204192040434407,-1.5223584171277338,1.755003594053408,0.30212844863577,1.529130624517634,0.3077896154420862,403763.6667595804
2026-08-06,IBJA,4297.0,4297.0,4228.0,4242.0,3101.0,95.07730102539062,95.32630157470705,94.99479675292967,95.07730102539062,148400.5,3,6,8,3,218,32,0,0,94,0,145601.5,142902.0,142710.0,142892.5,142425.0,141211.5,143737.83333333334,143138.85714285713,143339.2142857143,142993.36666666667,1.8890568361534577,1.7519890701599206,0.7629810586924579,0.9831972487765107,0.9198068137154636,1.0226712674677492,-0.08949561595685829,-0.02092328822952405,5.163994628990931,-0.34055584696043306,5.0962502461034065,-0.7275455710740064,1.6574901717460349,0.14817799467998072,1.5345724193057035,0.29959872698310286,403317.91094970703
2026-08-07,IBJA,4277.0,4371.5,4274.0,4340.7001953125,422.0,95.31189727783205,95.40350341796876,95.00340270996094,95.31189727783205,149320.5,4,7,8,3,219,32,0,0,93,0,148400.5,145601.5,142902.0,143094.5,142346.5,142084.5,145634.66666666666,143992.5,143852.7142857143,143172.25,1.9223703052509755,3.987457080793222,4.195541513077061,0.9190208877420588,1.0119607031323279,1.0488549676368049,2.326737277522395,0.2467426503606429,5.989654217366347,-0.020663764616180025,7.5842131470457375,-0.3000084674660397,1.7160127770806852,0.19245825357702617,1.609274845513841,0.30403722023710966,413720.3711294905
2026-08-10,IBJA,4336.10009765625,4390.10009765625,4336.10009765625,4361.7998046875,1303.0,95.21029663085938,95.4041976928711,95.01609802246094,95.21029663085938,150851.0,0,10,8,3,222,33,0,0,90,0,149320.5,148400.5,145601.5,142710.0,142892.5,143270.5,147774.16666666666,144988.7857142857,144369.57142857142,143484.68333333332,0.6199440028840764,4.491539656547849,4.899312592863181,0.874063481079324,1.0119946078596613,0.9588339443689614,0.4860876915154133,-0.1065980741905781,2.732111859629649,0.11892899720649108,6.382763854493367,-0.5414295413553427,1.7080262095143401,0.1760719224352976,1.5865240426214529,0.2927988340167733,415288.25324872136
2026-08-11,IBJA,4408.60009765625,4408.60009765625,4365.10009765625,4383.0,204.0,95.39669799804688,95.44249725341795,95.28630065917967,95.39669799804688,152646.5,1,11,8,3,223,33,0,0,89,0,150851.0,149320.5,148400.5,142902.0,143094.5,145361.5,149524.0,146125.7142857143,144911.0357142857,143790.85,1.0249764767731095,3.605388680748489,5.569571531046069,0.8703352621776894,1.0201024056190844,0.9521743925477524,0.4860423738319408,0.19577858045143337,3.323903818953333,0.33593399182729744,8.246274339748272,-0.30109400731868075,1.4520797734246704,0.20465264672206565,1.537906955015886,0.30213887497895436,418123.72732543945
2026-08-12,IBJA,4406.5,4434.0,4406.2998046875,4408.89990234375,660.0,95.37989807128906,95.46890258789062,95.2227020263672,95.37989807128906,153190.0,2,12,8,3,224,33,0,0,88,0,152646.5,150851.0,149320.5,145601.5,142710.0,145081.0,150939.33333333334,147490.2857142857,145431.39285714287,144184.6,1.1902473301469652,2.861176343745475,6.67530897413946,0.8313764687867746,1.0004081401086378,0.9558923200621467,0.5909172334873425,-0.01761059566040002,1.571168336041695,0.07134554593830611,9.301632637868163,-0.023375478235654334,1.3223940878841438,0.17184388562828523,1.3052634473578795,0.29071167410932425,420520.4232920632
2026-08-13,IBJA,4403.5,4445.0,4350.0,4363.60009765625,1491.0,95.34449768066406,95.47029876708984,95.2957000732422,95.34429931640624,152759.0,3,13,8,3,225,33,0,0,87,0,153190.0,152646.5,150851.0,148400.5,142902.0,143269.0,152229.16666666666,148987.42857142858,146010.60714285713,144606.5,0.35605139980281475,2.591405734644603,7.343563870786918,0.7051541461606192,0.9879786282433297,0.9515338208960232,-1.0274627614797693,-0.03732312112162406,0.041274085225451174,0.1407439009106337,6.54881578619495,0.013325007004616474,1.5732798778992034,0.16987333769346616,1.3780728051720545,0.2655048153793119,416044.393808037
2026-08-14,IBJA,4322.10009765625,4397.10009765625,4315.0,4380.39990234375,673.0,95.40119934082033,95.64739990234376,95.32589721679688,95.40119934082033,151928.0,4,14,8,3,226,33,0,0,86,0,152759.0,153190.0,152646.5,149320.5,145601.5,144499.0,152865.16666666666,150395.57142857142,146688.4642857143,144926.08333333334,-0.2813499575690326,1.2648242305321133,6.897734111488996,0.8028989615477176,0.893554277956929,0.9081553071885397,0.384998723795138,0.059678475611080195,-0.059322328456534734,0.004718551970794849,3.1701941647754417,0.31967382775834885,1.0018957031357494,0.13017395925351524,1.3751593499965413,0.2621892493328456,417895.404276006
2026-08-17,IBJA,4394.7998046875,4428.5,4386.5,4417.7998046875,716.0,95.45030212402344,95.69000244140624,95.06439971923828,95.45030212402344,154116.5,0,17,8,3,229,34,0,0,83,0,151928.0,152759.0,153190.0,150851.0,148400.5,142425.0,152625.66666666666,151299.35714285713,147219.10714285713,145116.16666666666,-0.5439941345518062,-0.4706953647807155,4.34507886251172,0.8584828367730115,0.9238896408001319,0.8428986049059666,0.8538010952775954,0.051469775581836075,0.2018622001152437,0.0738143509880329,4.144266965759069,0.392313511858311,0.9802674258494289,0.126833696946807,1.3102021707068356,0.15641896401751007,421680.3260808736
2026-08-18,IBJA,4415.2001953125,4434.10009765625,4330.7001953125,4366.0,1283.0,95.69409942626952,95.83390045166016,95.60289764404295,95.69409942626952,154121.0,1,18,8,3,230,34,0,0,82,0,154116.5,151928.0,152759.0,152646.5,149320.5,142346.5,152934.5,152115.92857142858,148054.2142857143,145401.8,1.4404849665631048,0.6048044911547645,3.8517390440059085,0.7481850095602572,0.8054895035996189,0.867895251107487,-1.1725249440352137,0.2554180519295901,0.054998219131929815,0.36688099065309565,0.5828507740484268,0.40100151119997207,0.8243834652144382,0.1290312802929252,1.3890215784298874,0.16574891945320117,417800.4380950927
2026-08-19,IBJA,4339.7998046875,4524.10009765625,4327.60009765625,4489.39990234375,1336.0,95.81639862060548,95.81639862060548,95.39910125732422,95.81639862060548,153376.0,2,19,8,3,231,34,0,0,81,0,154121.0,154116.5,151928.0,153190.0,150851.0,142892.5,153388.5,152801.7142857143,148895.25,145735.43333333332,0.0029198690600917843,0.8916004948971823,3.214896815909407,0.7736286324045327,0.8021778999656003,0.8398250971731474,2.8263834709974844,0.12780223134885027,2.488357283125664,0.43521389946248323,2.9254001414535713,0.6365929013917748,1.3319752040127575,0.10814539318157187,1.4924163139194546,0.1652802010991402,430158.1306102761
2026-08-20,IBJA,4506.7998046875,4530.0,4486.0,4516.2998046875,478.0,95.49600219726562,95.78359985351562,95.48639678955078,95.49600219726562,157233.5,3,20,8,3,232,34,0,0,80,0,153376.0,154121.0,154116.5,152759.0,152646.5,143094.5,153871.16666666666,153162.42857142858,149644.07142857142,146071.13333333333,-0.48338643014255167,0.9530830393344125,1.673837097533326,0.7982845600204584,0.8499068279267757,0.8374617102383385,0.5991870390006149,-0.3343857919441362,2.2296166497967285,0.04787839558937357,3.0412914599018848,0.10409605500263375,1.3335913652601648,0.18244770256483878,1.3892568866162658,0.1886696845690325,431288.5760719478
2026-08-21,IBJA,4560.0,4624.10009765625,4560.0,4624.10009765625,311.0,95.77220153808594,95.77359771728516,95.60669708251952,95.77220153808594,160059.5,4,21,8,3,233,34,0,0,79,0,157233.5,153376.0,154121.0,151928.0,153190.0,142710.0,154910.16666666666,153817.7142857143,150654.0,146528.45,2.5150610264969675,2.0224959689585376,3.0049820991637555,1.1434874111453386,0.9950193861560963,0.9352506172240276,2.386916228565328,0.28922607697206004,5.911591792401505,0.08161643433051147,4.881040624172495,0.4113062340490803,1.5270000704790032,0.20832880936725007,1.4064005063096778,0.18627207543422736,442860.24648501724
2026-08-24,IBJA,4638.0,4670.89990234375,4635.10009765625,4640.7998046875,1202.0,95.70030212402344,95.78949737548828,95.06400299072266,95.70030212402344,162378.5,0,24,8,3,236,35,0,0,76,0,160059.5,157233.5,153376.0,154116.5,152759.0,142902.0,156889.66666666666,154799.07142857142,151893.25,147077.38333333333,1.7973269055258534,3.8531413629550704,4.484300541810815,1.252629011025131,0.9967193218737946,0.9722868206542856,0.36114501586403946,-0.07507336461708425,3.3723861905175623,-0.12116558152195367,6.352546081849653,0.37338656864611686,1.3456677827307864,0.21169446485895582,1.4065560668206654,0.18631720966858586,444125.9434057027
2026-08-25,IBJA,4630.5,4638.10009765625,4626.2001953125,4638.10009765625,321.0,95.7230987548828,95.78350067138672,95.20459747314452,95.7230987548828,162192.5,1,25,8,3,237,35,0,0,75,0,162378.5,160059.5,157233.5,154121.0,151928.0,145601.5,159890.5,156173.2857142857,153284.42857142858,147748.71666666667,1.4488362140329114,5.869562382641358,6.2971739799291715,1.2116407715853008,0.9882954488670888,0.9591667203142882,-0.05817331375774781,0.023820855685308118,2.6969045067011033,0.2378073975788597,5.883028971273063,0.33741652755590046,1.3833614895925248,0.21195225119048205,1.1767726893423716,0.16898762653504454,443973.3136829808
2026-08-26,IBJA,4615.2998046875,4615.2998046875,4598.2001953125,4598.2001953125,1051.0,93.5460968017578,95.4124984741211,93.5460968017578,93.5460968017578,161384.0,2,26,8,3,238,35,0,0,74,0,162192.5,162378.5,160059.5,153376.0,154116.5,148400.5,161543.5,157639.64285714287,154469.5,148428.56666666668,-0.1145471845102608,3.153908041225306,6.756160813016687,1.1358801443654025,0.982431930783977,0.9544904256338912,-0.8602639335859141,-2.2742702455753383,-0.5601068704563228,-2.3243746103537966,4.0834894879932415,-1.9949704504773735,1.5227358187941786,0.9028897499244006,1.2303194056843154,0.6440403769529032,430143.68058456475
2026-08-27,IBJA,4609.7001953125,4609.7001953125,4609.7001953125,4609.7001953125,5558.0,95.4302978515625,95.57230377197266,95.1894989013672,95.4302978515625,158431.5,3,27,8,3,239,35,0,0,73,0,161384.0,162192.5,162378.5,157233.5,154121.0,149320.5,161985.0,158677.85714285713,155396.89285714287,149080.06666666668,-0.4984817423740351,0.8275047716630457,4.715588532052051,1.227313540357757,0.9785968311652732,0.967357542498008,0.25009785375860183,2.0141952622541703,-0.6701346897917793,-0.2821352351751405,5.581772682375163,-0.27567172509970206,1.3323851672882718,1.2543138340278663,1.1247753244394678,0.8579052501621269,439905.0626450777
2026-08-28,IBJA,4599.2998046875,4625.5,4451.7998046875,4478.10009765625,1758.0,95.47039794921876,95.61530303955078,95.31919860839844,95.47039794921876,158902.0,4,28,8,3,240,35,0,0,72,0,158431.5,161384.0,162192.5,160059.5,153376.0,150851.0,160669.33333333334,159293.64285714287,156047.67857142858,149637.91666666666,-1.8294874336985067,-2.4307405229140544,2.7968284659455778,1.5464420913137018,1.1750240029277919,1.0485027153024826,-2.854851553905202,0.0420203002181152,-3.4496883773778797,-0.26399145969053794,-0.2516996688488593,-0.36110799024783313,1.5884249092199316,1.2529029872322663,1.4271536101189282,0.8572401528136533,427525.9983796776
2026-08-31,IBJA,4430.0,4466.89990234375,4410.89990234375,4431.10009765625,360.0,95.38030242919922,95.8678970336914,95.0718994140625,95.38030242919922,154814.5,0,31,8,3,243,36,0,1,69,0,158902.0,158431.5,161384.0,162378.5,157233.5,152646.5,159572.5,160083.07142857142,156622.75,150227.6,0.2969737709988207,-2.028762119086891,3.602910494471101,1.4991259587151413,1.1627284009471917,1.0398258061306163,-1.0495522425815973,-0.09437011047913613,-3.634032677102561,1.9607505712701867,-1.8864936057349513,-0.12115666143531767,1.602595887535875,1.2469310619558505,1.461866376477599,0.8562461399136563,422639.6674085073
2026-09-01,IBJA,4402.0,4402.0,4329.10009765625,4348.0,360.0,95.1144027709961,95.2197036743164,94.72869873046876,95.1144027709961,153990.5,1,1,9,3,244,36,1,0,68,0,154814.5,158902.0,158431.5,162192.5,160059.5,153190.0,157382.66666666666,159737.5,156777.60714285713,150651.93333333332,-2.572340184516242,-4.070725722500368,-1.538476215310347,1.5986371551842034,1.3759256972541576,1.1715007373554405,-1.875382993496455,-0.2787783760703655,-5.67716303065906,-0.3310217904357482,-5.970893618764716,-0.6868368446435458,1.18407227905273,1.2426393797357338,1.5429412213496814,0.8595492413554932,413557.423248291
